Player,Pos,Squad,Min,Mn/MP,90s,Subs,Gls,Sh,SoT,Sh/90,SoT/90,PK,PKatt,xG,Cmp,Att,Cmp%,Ast,xA,KP,FinalThird,PPA,CrsPA,Tkl,TklW,Blocks,Int,Clr,Err,CrdY,CrdR,Fls,Off,OG,Recov,total_points,CBI,PK_miss,succ_tackle
Patrick van Aanholt,DF,Crystal Palace,3195.0,89.0,35.5,0,3,44,12,1.24,0.34,0,0,2.7,1587,1962,80.9,2,3.9,34,115,63,9,46,32,61,42,98,1,3,0,12,11,0,331,140,201,0,18
Sergio Agüero,FW,Manchester City,2459.0,75.0,27.3,2,21,118,41,4.32,1.5,2,2,20.7,665,785,84.7,8,5.5,34,37,44,1,17,14,22,8,1,0,4,0,22,26,0,129,201,31,0,11
Nathan Aké,DF,Bournemouth,3411.0,90.0,37.9,0,4,22,8,0.58,0.21,0,0,3.4,1469,1701,86.4,0,0.8,5,92,7,3,60,37,70,32,237,0,3,0,28,2,0,353,120,339,0,14
Marc Albrighton,FW,Leicester City,1625.0,60.0,18.1,9,2,19,7,1.05,0.39,0,0,1.1,459,776,59.1,2,3.1,30,48,29,12,37,23,30,22,19,0,3,0,10,2,0,157,63,71,0,9
Toby Alderweireld,DF,Tottenham,2922.0,86.0,32.5,1,0,17,6,0.52,0.18,0,0,1.1,2067,2342,88.3,0,0.6,7,193,23,1,41,23,54,25,162,1,3,0,10,1,1,356,107,241,0,5
Trent Alexander-Arnold,DF,Liverpool,2462.0,85.0,27.4,2,1,29,9,1.06,0.33,0,0,1.5,1644,2213,74.3,12,6.1,48,129,59,25,57,28,35,35,65,1,3,0,14,4,0,290,185,135,0,-1
Dele Alli,MF,Tottenham,1825.0,73.0,20.3,3,5,40,18,1.97,0.89,0,0,5.3,843,1050,80.3,3,2.4,28,81,32,2,32,26,36,18,15,0,4,0,23,3,0,180,94,69,0,20
Miguel Almirón,FW,Newcastle Utd,759.0,76.0,8.4,1,0,19,8,2.25,0.95,0,0,1.7,188,260,72.3,0,0.8,12,16,14,9,17,11,16,9,5,0,0,0,6,4,0,84,28,30,0,5
Marcos Alonso,DF,Chelsea,2759.0,89.0,30.7,0,2,43,7,1.4,0.23,0,0,2.7,1838,2226,82.6,4,3.9,31,114,23,9,67,38,60,38,86,1,6,0,28,2,0,353,161,184,0,9
Daniel Amartey,DF,Leicester City,641.0,71.0,7.1,2,0,4,1,0.56,0.14,0,0,0.4,354,433,81.8,0,0.2,3,31,0,0,16,8,14,15,18,0,2,0,6,1,0,92,15,47,0,0
Luke Amos,MF,Tottenham,3.0,3.0,0.0,1,0,0,0,0.0,0.0,0,0,0.0,1,2,50.0,0,0.0,0,0,0,0,1,1,0,0,0,0,0,0,0,0,0,1,1,0,0,1
Felipe Anderson,FW,West Ham,3043.0,85.0,33.8,0,9,58,24,1.72,0.71,0,0,5.2,1328,1819,73.0,4,6.7,60,109,89,13,76,44,67,45,10,0,3,0,27,5,0,295,155,122,0,12
Florin Andone,FW,Brighton,881.0,38.0,9.8,15,3,19,7,1.94,0.72,0,0,2.2,122,180,67.8,0,0.1,2,4,2,1,11,9,9,5,11,0,5,0,28,4,0,53,38,25,0,7
Michail Antonio,FW,West Ham,2103.0,64.0,23.4,11,6,65,25,2.78,1.07,0,0,7.4,513,777,66.0,4,3.4,20,43,19,8,31,22,52,19,29,0,3,0,35,10,0,154,118,100,0,13
Stuart Armstrong,MF,Southampton,1432.0,49.0,15.9,13,3,32,12,2.01,0.75,0,0,2.3,498,652,76.4,2,1.4,28,39,26,2,32,14,21,12,8,0,2,0,19,3,0,125,75,41,0,-4
Marko Arnautovic,FW,West Ham,1990.0,71.0,22.1,4,10,62,30,2.8,1.36,1,1,9.5,496,655,75.7,4,3.6,33,21,17,2,10,6,12,3,7,0,3,0,31,21,0,79,117,22,0,2
Christian Atsu,MF,Newcastle Utd,1493.0,53.0,16.6,13,1,28,14,1.69,0.84,0,0,2.0,335,454,73.8,0,1.2,14,23,17,5,27,16,22,8,8,0,2,0,14,4,0,127,55,38,0,5
Pierre-Emerick Aubameyang,FW,Arsenal,2726.0,76.0,30.3,6,22,89,34,2.94,1.12,4,5,20.8,526,742,70.9,5,4.2,33,28,33,4,21,12,36,9,13,0,0,0,13,23,0,100,205,58,1,3
Serge Aurier,DF,Tottenham,564.0,71.0,6.3,2,0,4,1,0.64,0.16,0,0,0.1,253,343,73.8,2,0.5,5,9,11,7,22,12,14,8,16,1,1,0,17,1,0,72,24,38,0,2
Charlie Austin,FW,Southampton,983.0,39.0,10.9,14,2,33,8,3.02,0.73,0,1,3.6,127,208,61.1,2,0.4,9,4,4,0,10,5,11,2,14,0,1,0,14,9,0,50,46,27,1,0
Jordan Ayew,FW,Crystal Palace,1181.0,59.0,13.1,6,1,26,3,1.98,0.23,0,0,2.3,201,273,73.6,2,1.1,13,11,6,0,42,28,24,7,3,0,3,0,32,9,0,58,46,34,0,14
César Azpilicueta,DF,Chelsea,3402.0,90.0,37.8,0,1,17,7,0.45,0.19,0,0,0.9,2471,2892,85.4,5,2.3,25,160,47,19,98,56,78,44,92,0,4,0,40,2,0,411,158,214,0,14
Eric Bailly,DF,Manchester Utd,638.0,53.0,7.1,4,0,3,1,0.42,0.14,0,0,0.2,267,310,86.1,0,0.0,0,8,0,0,14,7,14,14,32,0,0,1,5,0,0,70,16,60,0,0
Leighton Baines,DF,Everton,375.0,63.0,4.2,1,0,2,1,0.48,0.24,0,0,0.1,206,261,78.9,0,0.2,4,16,2,1,7,4,5,4,4,1,0,0,2,1,0,31,7,13,0,1
Fabián Balbuena,DF,West Ham,2013.0,88.0,22.4,0,1,17,2,0.76,0.09,0,0,2.1,655,838,78.2,0,0.1,3,33,0,0,36,27,34,55,167,1,2,0,19,0,0,222,61,256,0,18
Leon Balogun,DF,Brighton,594.0,74.0,6.6,3,1,3,1,0.45,0.15,0,0,0.2,174,218,79.8,0,0.0,0,2,0,0,14,7,10,15,40,0,2,0,5,1,0,61,15,65,0,0
Phil Bardsley,DF,Burnley,1670.0,88.0,18.6,0,0,12,1,0.65,0.05,0,0,0.2,523,770,67.9,0,0.7,6,61,20,6,36,19,30,27,85,1,9,0,22,0,1,189,33,142,0,2
Ross Barkley,MF,Chelsea,1245.0,46.0,13.8,14,3,38,8,2.75,0.58,0,0,3.8,881,973,90.5,5,2.1,21,62,17,2,12,11,14,9,16,1,1,0,14,0,0,136,79,39,0,10
Ashley Barnes,FW,Burnley,2388.0,65.0,26.5,11,12,61,27,2.3,1.02,2,2,12.0,346,559,61.9,2,3.6,20,23,13,2,26,14,31,3,24,1,8,0,53,23,1,134,122,58,0,2
Harvey Barnes,FW,Leicester City,1004.0,63.0,11.2,5,1,39,11,3.5,0.99,0,0,3.2,257,344,74.7,2,1.4,16,16,13,4,8,4,10,3,4,0,0,0,7,2,0,65,43,17,0,0
Antonio Barreca,DF,Newcastle Utd,5.0,5.0,0.1,1,0,0,0,0.0,0.0,0,0,0.0,1,3,33.3,0,0.0,0,0,0,0,0,0,0,0,0,0,0,0,0,0,0,0,1,0,0,0
Michy Batshuayi,FW,Crystal Palace,750.0,68.0,8.3,2,5,26,10,3.12,1.2,0,0,3.5,111,162,68.5,0,0.1,1,5,2,0,2,1,9,3,1,0,0,0,7,13,0,50,48,13,0,0
Jan Bednarek,DF,Southampton,2151.0,86.0,23.9,1,0,6,1,0.25,0.04,0,0,0.6,591,849,69.6,1,0.4,7,53,2,0,43,28,57,64,172,0,7,0,22,0,0,286,49,293,0,13
Héctor Bellerín,DF,Arsenal,1533.0,81.0,17.0,1,0,18,4,1.06,0.23,0,0,0.9,794,947,83.8,5,2.2,9,48,27,5,13,9,31,18,29,0,3,0,16,2,1,153,60,78,0,5
Ryan Bennett,DF,Wolves,3060.0,90.0,34.0,0,1,15,3,0.44,0.09,0,0,1.2,1095,1387,78.9,0,0.4,5,97,2,0,68,36,72,46,142,1,12,0,37,1,0,328,89,260,0,4
Christian Benteke,FW,Crystal Palace,814.0,51.0,9.0,7,1,29,8,3.21,0.88,0,0,3.3,139,243,57.2,1,1.3,8,8,2,0,5,4,5,0,13,0,1,0,18,10,0,38,33,18,0,3
Jóhann Berg Guðmundsson,MF,Burnley,1752.0,60.0,19.5,10,3,34,11,1.75,0.57,0,0,2.9,407,610,66.7,6,3.8,40,22,22,16,22,14,40,31,30,0,2,0,10,2,0,145,92,101,0,6
Bernard,FW,Everton,2116.0,62.0,23.5,9,1,24,5,1.02,0.21,0,0,2.6,633,867,73.0,3,3.2,40,45,34,9,48,32,52,27,10,0,5,0,17,2,0,199,88,89,0,16
Bernardo,DF,Brighton,1752.0,80.0,19.5,3,0,8,3,0.41,0.15,0,0,0.4,735,1014,72.5,1,0.9,9,54,10,3,66,39,53,33,76,0,4,0,18,2,0,214,39,162,0,12
Ryan Bertrand,DF,Southampton,2160.0,90.0,24.0,0,1,15,2,0.62,0.08,0,0,0.9,795,1094,72.7,0,1.9,23,68,29,13,36,19,36,30,46,0,8,0,27,0,0,205,56,112,0,2
Yves Bissouma,MF,Brighton,1774.0,63.0,19.7,11,0,31,3,1.57,0.15,0,0,1.6,596,727,82.0,0,1.1,14,52,7,1,61,40,39,31,31,1,5,0,40,2,0,181,43,101,0,19
Willy Boly,DF,Wolves,3167.0,88.0,35.2,0,4,22,6,0.63,0.17,0,0,2.7,1392,1695,82.1,0,0.9,10,122,7,0,80,45,76,68,202,2,2,1,29,3,0,386,120,346,0,10
Léo Bonatini,FW,Wolves,135.0,19.0,1.5,7,0,9,1,6.0,0.67,0,0,1.5,41,55,74.5,1,0.3,2,5,3,1,2,2,0,0,0,0,0,0,0,0,0,12,10,0,0,2
Gaëtan Bong,DF,Brighton,1808.0,82.0,20.1,3,0,2,0,0.1,0.0,0,0,0.1,598,879,68.0,0,0.6,8,46,18,10,22,15,46,24,54,0,0,0,11,0,0,197,48,124,0,8
Robbie Brady,MF,Burnley,720.0,45.0,8.0,10,0,12,2,1.5,0.25,0,0,0.7,162,287,56.4,1,1.4,13,15,11,6,12,8,17,8,13,1,3,1,12,0,0,71,20,38,0,4
Miguel Britos,DF,Watford,185.0,62.0,2.1,1,0,0,0,0.0,0.0,0,0,0.0,48,56,85.7,0,0.0,0,3,0,0,4,1,2,3,16,0,0,0,3,0,0,21,3,21,0,-2
David Brooks,MF,Bournemouth,2261.0,75.0,25.1,1,7,41,21,1.63,0.84,0,0,5.7,649,879,73.8,5,3.7,29,56,40,3,34,22,44,25,22,0,3,0,15,2,0,165,123,91,0,10
Bruno,DF,Brighton,1131.0,81.0,12.6,0,0,2,0,0.16,0.0,0,0,0.1,506,634,79.8,1,0.3,6,34,9,3,27,19,10,10,41,1,2,0,4,3,0,97,46,61,0,11
Gary Cahill,DF,Chelsea,24.0,12.0,0.3,2,0,0,0,0.0,0.0,0,0,0.0,18,20,90.0,0,0.0,0,1,0,0,0,0,0,0,0,0,0,0,0,0,0,5,2,0,0,0
Dominic Calvert-Lewin,FW,Everton,1784.0,51.0,19.8,16,6,55,17,2.77,0.86,0,0,5.2,283,441,64.2,2,1.1,10,22,7,1,13,8,29,7,16,0,3,0,34,6,0,86,92,52,0,3
Rafael Camacho,DF,Liverpool,1.0,1.0,0.0,1,0,0,0,0.0,0.0,0,0,0.0,0,0,-9.223372036854776e+18,0,0.0,0,0,0,0,1,0,0,0,0,0,0,0,0,0,0,0,1,0,0,-1
Étienne Capoue,MF,Watford,2944.0,89.0,32.7,0,1,17,3,0.52,0.09,0,0,1.0,1482,1778,83.4,3,0.9,9,152,18,1,90,67,63,86,76,0,14,1,47,0,0,466,79,225,0,44
Andy Carroll,FW,West Ham,461.0,38.0,5.1,9,0,14,6,2.73,1.17,0,0,1.9,86,131,65.6,0,0.2,3,4,0,0,2,1,5,1,10,1,2,0,11,3,0,25,12,16,0,0
Jonny Castro,DF,Wolves,2771.0,84.0,30.8,1,1,26,7,0.84,0.23,0,0,2.0,1124,1394,80.6,1,1.5,25,38,22,5,74,41,63,64,58,0,6,0,23,5,0,264,103,185,0,8
Craig Cathcart,DF,Watford,3096.0,86.0,34.4,1,3,16,6,0.47,0.17,0,0,1.8,1046,1278,81.8,0,0.4,1,61,3,1,52,30,55,36,184,2,2,0,18,1,2,381,93,275,0,8
Ivan Cavaleiro,FW,Wolves,693.0,30.0,7.7,17,3,12,4,1.56,0.52,0,0,2.2,252,356,70.8,1,1.5,17,13,12,8,11,5,8,4,4,0,1,0,13,6,0,48,48,16,0,-1
Nathaniel Chalobah,MF,Watford,270.0,30.0,3.0,6,0,2,1,0.67,0.33,0,0,0.1,93,121,76.9,0,0.0,0,10,1,0,5,2,3,5,4,0,2,0,5,0,0,43,10,12,0,-1
Ben Chilwell,DF,Leicester City,3240.0,90.0,36.0,0,0,20,10,0.56,0.28,0,0,0.8,1575,2239,70.3,4,3.0,40,99,36,16,56,36,73,38,114,0,4,0,32,2,0,348,118,225,0,16
Tahith Chong,FW,Manchester Utd,38.0,19.0,0.4,2,0,2,1,4.74,2.37,0,0,0.1,13,15,86.7,0,0.0,0,1,1,0,0,0,0,0,0,0,0,0,0,0,0,2,2,0,0,0
Hamza Choudhury,MF,Leicester City,595.0,66.0,6.6,2,0,4,2,0.61,0.3,0,0,0.4,207,238,87.0,0,0.4,4,17,3,1,23,8,14,15,17,0,0,0,7,0,0,56,20,46,0,-7
Andreas Christensen,DF,Chelsea,617.0,77.0,6.9,2,0,0,0,0.0,0.0,0,0,0.0,416,446,93.3,0,0.0,0,22,0,0,10,4,8,4,32,0,1,0,8,0,0,86,22,44,0,-2
Ciaran Clark,DF,Newcastle Utd,858.0,78.0,9.5,2,3,7,3,0.73,0.31,0,0,0.4,225,302,74.5,0,0.4,3,15,3,0,15,10,14,12,46,0,1,0,6,0,0,106,42,72,0,5
Tom Cleverley,MF,Watford,478.0,37.0,5.3,9,1,3,1,0.56,0.19,0,0,0.2,175,229,76.4,0,0.0,0,15,5,0,18,14,4,4,12,0,2,0,8,1,0,58,25,20,0,10
Nathaniel Clyne,DF,Bournemouth,1143.0,82.0,12.7,1,0,2,0,0.16,0.0,0,0,0.3,454,588,77.2,1,0.2,5,21,10,3,29,13,19,17,39,0,2,0,9,0,0,119,34,75,0,-3
Conor Coady,DF,Wolves,3420.0,90.0,38.0,0,0,0,0,0.0,0.0,0,0,0.0,1412,1677,84.2,0,0.0,0,119,5,0,31,16,45,31,152,1,5,0,11,0,3,357,94,228,0,1
Séamus Coleman,DF,Everton,2558.0,88.0,28.4,0,2,13,5,0.46,0.18,0,0,1.2,1218,1583,76.9,2,2.3,22,97,25,14,50,32,40,27,81,1,1,0,22,3,1,317,125,148,0,14
Lewis Cook,MF,Bournemouth,723.0,56.0,8.0,5,0,3,0,0.37,0.0,0,0,0.1,328,400,82.0,0,0.1,2,30,7,1,14,8,8,7,8,0,2,0,12,0,0,97,22,23,0,2
Steve Cook,DF,Bournemouth,2786.0,90.0,31.0,0,1,22,8,0.71,0.26,0,0,1.1,1222,1573,77.7,1,1.2,12,88,5,1,35,21,45,50,242,1,3,0,18,1,1,343,85,337,0,7
Jack Cork,MF,Burnley,3312.0,90.0,36.8,0,1,15,2,0.41,0.05,0,0,1.7,1081,1349,80.1,2,1.6,17,102,16,2,46,27,57,29,76,0,6,0,32,4,0,423,87,162,0,8
Hélder Costa,FW,Wolves,1341.0,54.0,14.9,9,1,25,7,1.68,0.47,0,0,2.5,372,493,75.5,2,1.6,17,18,20,2,17,14,17,8,7,0,3,0,20,6,0,92,52,32,0,11
Aaron Cresswell,DF,West Ham,1589.0,79.0,17.7,2,0,11,0,0.62,0.0,0,0,0.5,835,1061,78.7,1,1.1,16,63,18,6,24,15,43,20,60,1,1,0,2,1,0,167,34,123,0,6
Peter Crouch,FW,Burnley,92.0,15.0,1.0,6,0,4,1,3.91,0.98,0,0,0.4,11,25,44.0,0,0.0,0,1,1,0,0,0,2,0,3,0,1,0,3,0,0,2,8,5,0,0
Diogo Dalot,DF,Manchester Utd,1013.0,63.0,11.3,4,0,15,0,1.33,0.0,0,0,0.4,395,556,71.0,2,1.7,17,23,14,7,22,13,25,8,36,1,3,0,12,2,0,105,27,69,0,4
Charlie Daniels,DF,Bournemouth,1585.0,75.0,17.6,4,1,13,3,0.74,0.17,0,0,0.5,785,1019,77.0,0,1.0,11,62,22,6,24,16,35,22,34,1,4,0,8,0,0,195,44,91,0,8
Danilo,DF,Manchester City,807.0,73.0,9.0,2,1,14,3,1.56,0.33,0,0,0.5,767,871,88.1,0,0.3,5,69,9,1,21,9,7,16,41,1,1,0,10,0,0,115,46,64,0,-3
Scott Dann,DF,Crystal Palace,663.0,66.0,7.4,3,0,6,1,0.81,0.14,0,0,0.3,190,243,78.2,1,0.0,0,10,0,0,5,1,24,5,62,0,1,0,4,0,0,62,23,91,0,-3
Matteo Darmian,DF,Manchester Utd,443.0,74.0,4.9,1,0,1,1,0.2,0.2,0,0,0.0,176,206,85.4,0,0.1,2,14,1,1,12,6,8,7,20,0,0,0,3,1,0,34,14,35,0,0
Ben Davies,DF,Tottenham,1844.0,68.0,20.5,7,0,15,1,0.73,0.05,0,0,0.8,1071,1314,81.5,0,1.9,17,82,21,7,44,24,39,23,66,0,2,0,18,0,0,211,66,128,0,4
Tom Davies,MF,Everton,980.0,61.0,10.9,6,0,7,2,0.64,0.18,0,0,0.3,414,525,78.9,0,0.5,5,49,8,0,27,13,13,17,5,0,3,0,21,1,0,125,26,35,0,-1
Steven Davis,MF,Southampton,98.0,33.0,1.1,2,0,0,0,0.0,0.0,0,0,0.0,65,69,94.2,1,0.7,3,6,3,1,3,3,4,2,4,0,0,0,2,1,0,14,9,10,0,3
Kevin De Bruyne,MF,Manchester City,975.0,51.0,10.8,8,2,31,11,2.86,1.02,0,0,2.1,625,819,76.3,2,3.5,33,66,44,8,20,16,9,3,3,0,2,0,10,1,0,91,59,15,0,12
Troy Deeney,FW,Watford,2545.0,80.0,28.3,4,9,61,28,2.16,0.99,1,1,9.3,522,836,62.4,5,4.7,40,61,42,3,28,19,36,8,30,0,4,1,42,13,0,149,116,74,0,10
Jermain Defoe,DF,Bournemouth,25.0,6.0,0.3,4,0,1,1,3.6,3.6,0,0,0.4,0,0,-9.223372036854776e+18,0,0.0,0,0,0,0,0,0,0,0,0,0,0,0,0,0,0,0,4,0,0,0
Steven Defour,MF,Burnley,448.0,75.0,5.0,0,0,0,0,0.0,0.0,0,0,0.0,198,250,79.2,0,0.0,2,17,4,0,8,4,9,7,8,0,0,0,1,0,0,56,10,24,0,0
Fabian Delph,DF,Manchester City,725.0,66.0,8.1,3,0,4,3,0.5,0.37,0,0,0.1,692,758,91.3,1,0.3,3,75,14,2,18,7,3,13,20,2,1,1,6,0,0,85,29,36,0,-4
Mousa Dembélé,MF,Tottenham,515.0,52.0,5.7,3,0,1,0,0.17,0.0,0,0,0.0,278,308,90.3,0,0.0,0,21,1,0,15,9,6,10,5,0,1,0,12,0,0,65,14,21,0,3
Leander Dendoncker,MF,Wolves,1467.0,77.0,16.3,2,2,16,9,0.98,0.55,0,0,2.5,504,625,80.6,0,1.2,7,28,7,1,47,35,45,22,29,0,1,0,11,1,0,150,48,96,0,23
Gerard Deulofeu,FW,Watford,2066.0,69.0,23.0,4,10,62,23,2.7,1.0,0,0,8.3,580,795,73.0,5,4.9,30,40,43,5,10,8,17,15,6,0,3,0,14,34,0,140,133,38,0,6
Fousseni Diabaté,FW,Leicester City,54.0,54.0,0.6,0,0,0,0,0.0,0.0,0,0,0.0,10,18,55.6,0,0.1,1,0,1,1,3,3,1,0,0,0,0,0,0,1,0,3,1,1,0,3
Mohamed Diamé,MF,Newcastle Utd,2166.0,75.0,24.1,5,0,21,3,0.87,0.12,0,0,0.9,571,741,77.1,0,0.0,1,44,8,1,72,48,50,30,39,0,3,0,36,0,0,228,56,119,0,24
Grady Diangana,FW,West Ham,609.0,36.0,6.8,11,0,10,3,1.48,0.44,0,0,0.7,200,265,75.5,1,1.2,11,16,7,1,21,10,11,2,3,0,0,0,4,1,0,60,25,16,0,-1
Eric Dier,MF,Tottenham,1506.0,75.0,16.7,2,3,9,3,0.54,0.18,0,0,1.6,890,1058,84.1,0,0.9,8,80,12,3,25,12,33,21,43,0,4,0,24,0,0,172,56,97,0,-1
Lucas Digne,DF,Everton,2965.0,85.0,32.9,2,4,34,10,1.03,0.3,0,0,1.1,1460,2059,70.9,4,6.1,70,112,51,30,84,45,74,58,118,0,5,1,39,2,1,386,158,250,0,6
Virgil van Dijk,DF,Liverpool,3384.0,89.0,37.6,0,4,32,8,0.85,0.21,0,0,3.2,2709,2996,90.4,2,1.1,6,182,5,0,35,25,43,42,227,0,1,0,12,1,0,528,208,312,0,15
Issa Diop,DF,West Ham,2970.0,90.0,33.0,0,1,14,4,0.42,0.12,0,0,1.1,973,1141,85.3,0,0.1,2,42,0,0,67,34,81,60,163,2,4,0,19,3,1,304,87,304,0,1
Matt Doherty,DF,Wolves,3144.0,83.0,34.9,3,4,43,17,1.23,0.49,0,0,5.6,1333,1828,72.9,5,4.8,41,74,32,11,68,33,80,60,98,0,5,0,30,3,1,310,144,238,0,-2
Abdoulaye Doucouré,MF,Watford,3062.0,87.0,34.0,1,5,52,16,1.53,0.47,0,0,5.6,1640,1967,83.4,6,3.8,37,149,36,4,71,48,35,32,43,3,7,0,37,2,1,465,124,110,0,25
Luke Dreher,MF,Crystal Palace,1.0,1.0,0.0,1,0,0,0,0.0,0.0,0,0,0.0,3,3,100.0,0,0.0,0,0,0,0,0,0,0,0,0,0,0,0,0,0,0,0,1,0,0,0
Shane Duffy,DF,Brighton,3087.0,88.0,34.3,0,5,39,14,1.14,0.41,0,0,2.8,990,1268,78.1,1,0.3,6,39,3,1,32,20,71,36,302,2,4,1,23,4,0,355,115,409,0,8
Paul Dummett,DF,Newcastle Utd,1990.0,77.0,22.1,5,0,8,1,0.36,0.05,0,0,0.2,639,884,72.3,0,0.8,5,75,12,4,38,16,46,36,129,1,1,0,11,1,0,222,67,211,0,-6
Lewis Dunk,DF,Brighton,3151.0,88.0,35.0,0,2,22,4,0.63,0.11,0,0,1.2,1240,1489,83.3,1,0.6,9,77,3,0,46,32,66,51,225,0,6,1,22,0,0,376,91,342,0,18
Mohamed Elneny,MF,Arsenal,380.0,48.0,4.2,3,0,7,0,1.66,0.0,0,0,0.6,259,287,90.2,0,0.1,4,18,3,0,10,5,5,2,8,0,0,0,1,1,0,38,10,15,0,0
Mohamed Elyounoussi,MF,Southampton,793.0,50.0,8.8,8,0,19,6,2.16,0.68,0,0,1.9,176,270,65.2,0,1.1,13,11,9,1,18,11,13,7,4,0,0,0,10,2,0,67,28,24,0,4
Christian Eriksen,MF,Tottenham,2774.0,79.0,30.8,5,8,84,31,2.73,1.01,0,0,5.5,1540,1985,77.6,12,6.9,75,181,55,11,41,27,44,14,8,0,3,0,17,2,0,297,161,66,0,13
Jonny Evans,DF,Leicester City,1996.0,83.0,22.2,3,1,10,4,0.45,0.18,0,0,0.9,867,1013,85.6,0,0.2,4,44,1,0,24,17,36,33,154,2,2,0,21,0,0,236,77,223,0,10
Fabinho,MF,Liverpool,2017.0,72.0,22.4,7,1,17,4,0.76,0.18,0,0,1.0,1403,1631,86.0,2,1.3,16,153,25,2,60,34,40,31,46,0,6,0,30,0,0,278,65,117,0,8
Cesc Fàbregas,MF,Chelsea,180.0,30.0,2.0,5,0,1,0,0.5,0.0,0,0,0.1,165,193,85.5,0,0.3,3,17,4,0,10,9,2,1,1,0,1,0,1,0,0,13,6,4,0,8
Marouane Fellaini,MF,Manchester Utd,752.0,54.0,8.4,8,0,8,3,0.96,0.36,0,0,0.4,347,433,80.1,1,0.1,3,31,1,0,23,15,13,3,28,0,1,0,15,2,0,80,26,44,0,7
Kiko Femenía,DF,Watford,2049.0,71.0,22.8,7,1,7,3,0.31,0.13,0,0,0.5,950,1174,80.9,1,1.8,15,66,26,13,53,30,37,38,68,1,1,0,12,3,0,186,66,143,0,7
Federico Fernández,DF,Newcastle Utd,1484.0,78.0,16.5,2,0,4,1,0.24,0.06,0,0,0.2,483,622,77.7,1,0.3,4,33,4,2,22,16,32,25,104,0,2,0,12,1,0,161,47,161,0,10
Fernandinho,MF,Manchester City,2377.0,82.0,26.4,2,1,31,7,1.17,0.27,0,0,1.9,1804,2068,87.2,3,2.9,24,265,48,0,59,50,35,40,77,1,5,0,40,2,0,321,79,152,0,41
Roberto Firmino,FW,Liverpool,2607.0,77.0,29.0,3,12,73,31,2.52,1.07,1,1,13.3,1056,1303,81.0,6,5.6,42,90,54,3,33,29,40,6,14,1,0,0,40,9,0,167,160,60,0,25
Phil Foden,MF,Manchester City,335.0,26.0,3.7,10,1,14,6,3.76,1.61,0,0,2.5,202,235,86.0,0,0.6,8,9,8,0,7,7,4,3,1,0,0,0,4,0,0,31,25,8,0,7
Juan Foyth,DF,Tottenham,888.0,74.0,9.9,2,1,5,1,0.51,0.1,0,0,0.7,506,588,86.1,0,0.3,3,28,3,1,37,21,21,11,47,1,3,1,16,0,0,101,35,79,0,5
Simon Francis,DF,Bournemouth,1229.0,72.0,13.7,4,0,3,1,0.22,0.07,0,0,0.1,598,815,73.4,2,1.0,11,62,17,8,22,13,27,19,57,0,1,0,10,3,0,143,40,103,0,4
Ryan Fraser,MF,Bournemouth,3166.0,83.0,35.2,3,7,50,24,1.42,0.68,0,0,4.5,1019,1505,67.7,14,11.8,87,79,64,24,14,6,41,23,22,0,2,0,6,10,0,215,181,86,0,-2
Fred,MF,Manchester Utd,1041.0,61.0,11.6,4,1,17,2,1.47,0.17,0,0,0.8,656,769,85.3,1,0.9,14,79,6,2,37,25,32,16,6,1,2,0,25,1,0,141,40,54,0,13
Ryan Fredericks,DF,West Ham,1086.0,72.0,12.1,3,1,5,2,0.41,0.17,0,0,0.5,397,548,72.4,0,0.2,3,18,8,6,31,17,31,14,56,0,5,0,9,1,0,99,38,101,0,3
Christian Fuchs,DF,Leicester City,207.0,69.0,2.3,1,0,2,0,0.87,0.0,0,0,0.1,121,158,76.6,0,0.3,6,11,6,4,4,2,4,4,7,0,0,0,3,0,0,29,3,15,0,0
Manolo Gabbiadini,FW,Southampton,476.0,40.0,5.3,8,1,21,8,3.97,1.51,0,0,1.9,83,119,69.7,0,0.2,4,3,3,0,5,2,6,3,5,0,0,0,9,1,0,28,23,14,0,-1
Sam Gallagher,FW,Southampton,34.0,9.0,0.4,4,0,0,0,0.0,0.0,0,0,0.0,2,8,25.0,0,0.0,0,0,0,0,0,0,2,0,1,0,0,0,4,0,0,2,4,3,0,0
Idrissa Gana Gueye,MF,Everton,2822.0,86.0,31.4,1,0,20,3,0.64,0.1,0,0,0.7,1478,1758,84.1,2,1.0,19,172,20,2,135,97,58,74,50,1,6,0,54,0,0,447,78,182,0,59
James Garner,MF,Manchester Utd,1.0,1.0,0.0,1,0,0,0,0.0,0.0,0,0,0.0,0,1,0.0,0,0.0,0,0,0,0,0,0,0,0,0,0,0,0,0,0,0,1,1,0,0,0
Rachid Ghezzal,FW,Leicester City,743.0,39.0,8.3,11,1,21,6,2.54,0.73,0,0,1.0,355,466,76.2,0,1.6,15,18,18,7,13,9,11,7,5,0,3,0,13,0,0,74,28,23,0,5
Morgan Gibbs-White,MF,Wolves,663.0,26.0,7.4,21,0,8,1,1.09,0.14,0,0,0.9,271,336,80.7,1,1.5,12,20,8,0,5,2,5,2,3,0,1,0,8,2,0,61,37,10,0,-1
Ben Gibson,DF,Burnley,62.0,62.0,0.7,0,1,1,1,1.45,1.45,0,0,0.5,21,32,65.6,0,0.0,0,1,0,0,2,2,1,0,3,0,1,0,2,0,0,10,6,4,0,2
Olivier Giroud,FW,Chelsea,847.0,31.0,9.4,20,2,31,10,3.29,1.06,0,0,3.7,174,251,69.3,4,1.9,16,5,6,0,4,2,6,3,4,0,1,0,12,6,0,22,55,13,0,0
André Gomes,MF,Everton,1980.0,73.0,22.0,3,1,22,5,1.0,0.23,0,0,1.7,1025,1230,83.3,1,0.6,7,106,21,3,43,32,32,20,21,0,7,0,49,0,0,266,64,73,0,21
Angel Gomes,MF,Manchester Utd,27.0,14.0,0.3,2,0,2,1,6.67,3.33,0,0,0.1,20,23,87.0,0,0.0,0,2,0,0,1,0,0,0,0,0,0,0,0,0,0,3,2,0,0,-1
Joe Gomez,DF,Liverpool,1063.0,66.0,11.8,4,0,4,1,0.34,0.08,0,0,0.2,705,828,85.1,0,0.3,6,40,3,1,16,11,14,15,33,1,2,0,12,0,0,141,55,62,0,6
Dan Gosling,MF,Bournemouth,1739.0,70.0,19.3,6,2,21,7,1.09,0.36,0,0,1.5,755,951,79.4,1,1.1,7,89,16,0,45,25,37,22,38,1,8,0,29,2,0,226,54,97,0,5
Andre Gray,FW,Watford,1366.0,47.0,15.2,16,7,37,15,2.44,0.99,0,0,6.1,171,255,67.1,2,1.5,13,12,2,1,3,3,5,2,3,0,2,0,12,16,0,49,83,10,0,3
Demarai Gray,FW,Leicester City,1985.0,58.0,22.1,11,4,46,19,2.09,0.86,0,0,4.0,523,709,73.8,1,0.7,11,40,18,0,19,13,26,9,12,0,2,0,15,3,0,137,84,47,0,7
Mason Greenwood,FW,Manchester Utd,117.0,39.0,1.3,2,0,7,4,5.38,3.08,0,0,0.9,51,61,83.6,0,0.1,3,2,2,0,3,1,2,0,1,0,0,0,0,2,0,9,4,3,0,-1
Pascal Groß,MF,Brighton,1864.0,75.0,20.7,1,3,21,7,1.01,0.34,1,2,3.7,654,948,69.0,3,4.7,53,76,25,11,24,15,33,15,22,0,1,0,12,5,0,151,80,70,1,6
Mattéo Guendouzi,MF,Arsenal,2149.0,65.0,23.9,10,0,15,3,0.63,0.13,0,0,0.4,1412,1623,87.0,0,2.1,19,151,27,2,36,25,37,27,28,1,9,0,25,0,0,272,47,92,0,14
Ilkay Gündogan,MF,Manchester City,2137.0,69.0,23.7,8,6,43,11,1.81,0.46,0,0,3.6,1837,2095,87.7,3,4.1,43,185,51,5,17,10,30,29,23,0,3,0,14,0,0,239,113,82,0,3
Isaac Hayden,MF,Newcastle Utd,1859.0,74.0,20.7,4,1,20,5,0.97,0.24,0,0,0.9,581,724,80.2,4,1.7,20,49,10,2,66,43,46,38,42,1,3,1,32,0,0,225,69,126,0,20
Eden Hazard,FW,Chelsea,2923.0,79.0,32.5,5,16,90,39,2.77,1.2,4,4,11.3,1595,1999,79.8,15,9.4,93,124,108,11,8,6,14,10,1,0,2,0,12,11,0,173,238,25,0,4
Jordan Henderson,MF,Liverpool,1987.0,62.0,22.1,11,1,16,1,0.72,0.05,0,0,1.7,1550,1799,86.2,3,1.5,14,193,27,7,44,37,42,32,22,0,2,1,26,2,0,278,76,96,0,30
Jeff Hendrick,MF,Burnley,2063.0,64.0,22.9,7,3,19,6,0.83,0.26,0,0,1.4,511,697,73.3,0,1.5,15,29,20,4,36,25,29,13,26,0,4,0,18,9,0,185,73,68,0,14
Javier Hernández,FW,West Ham,1334.0,53.0,14.8,11,7,34,16,2.29,1.08,0,0,6.3,239,333,71.8,1,1.7,6,22,9,0,3,2,5,2,8,0,2,0,9,12,0,46,86,15,0,1
Ander Herrera,MF,Manchester Utd,1403.0,64.0,15.6,6,2,21,9,1.35,0.58,0,0,1.7,864,990,87.3,3,1.0,12,62,10,1,54,37,38,39,24,0,4,0,21,0,0,156,62,101,0,20
Son Heung-min,FW,Tottenham,2039.0,66.0,22.7,8,12,75,28,3.31,1.24,0,0,7.8,646,772,83.7,6,3.2,31,31,31,4,18,7,27,8,5,0,2,1,11,22,0,129,159,40,0,-4
Gonzalo Higuaín,FW,Chelsea,1085.0,78.0,12.1,1,5,45,13,3.73,1.08,0,0,5.3,253,325,77.8,0,1.1,15,8,9,0,6,5,6,1,4,0,0,0,6,11,0,39,53,11,0,4
Wesley Hoedt,DF,Southampton,1170.0,90.0,13.0,0,0,6,1,0.46,0.08,0,0,0.5,495,642,77.1,0,0.0,1,48,1,0,26,11,23,23,62,0,2,0,15,0,2,170,29,108,0,-4
Rob Holding,DF,Arsenal,807.0,81.0,9.0,1,0,1,0,0.11,0.0,0,0,0.0,540,614,87.9,0,0.1,2,20,1,0,14,10,19,10,32,0,1,0,6,0,0,93,24,61,0,6
José Holebas,DF,Watford,2393.0,85.0,26.6,1,3,17,6,0.64,0.23,0,0,1.2,819,1330,61.6,6,3.7,36,53,16,10,68,45,48,19,82,0,12,1,34,2,0,293,93,149,0,22
Mason Holgate,DF,Everton,408.0,82.0,4.5,1,0,0,0,0.0,0.0,0,0,0.0,192,258,74.4,0,0.0,0,36,3,0,5,2,5,3,19,0,1,0,2,1,0,65,5,27,0,-1
Callum Hudson-Odoi,FW,Chelsea,393.0,39.0,4.4,6,0,6,3,1.37,0.69,0,0,0.7,192,236,81.4,1,1.0,8,7,9,5,8,6,2,3,0,0,0,0,1,3,0,22,18,5,0,4
Will Hughes,MF,Watford,2418.0,76.0,26.9,1,2,31,8,1.15,0.3,0,0,2.5,773,1007,76.8,4,3.4,28,65,29,5,71,42,71,25,26,0,5,0,54,0,0,254,87,122,0,13
Emerson Hyndman,MF,Bournemouth,38.0,38.0,0.4,1,0,0,0,0.0,0.0,0,0,0.0,17,23,73.9,0,0.0,0,2,0,0,4,2,1,1,0,0,0,0,0,0,0,3,1,2,0,0
Pierre Højbjerg,MF,Southampton,2760.0,89.0,30.7,0,4,53,19,1.73,0.62,0,0,2.5,1495,1824,82.0,3,2.3,27,213,19,5,80,64,60,64,30,1,8,2,50,0,0,441,90,154,0,48
Jordon Ibe,MF,Bournemouth,797.0,42.0,8.9,10,1,9,3,1.02,0.34,0,0,0.6,214,285,75.1,1,0.7,10,13,19,4,4,3,3,4,5,0,1,0,8,0,0,59,33,12,0,2
Vicente Iborra,MF,Leicester City,229.0,29.0,2.5,5,0,2,1,0.79,0.39,0,0,0.2,124,144,86.1,0,0.0,1,15,1,0,5,4,3,5,4,0,0,0,6,0,0,28,9,12,0,3
Kelechi Iheanacho,FW,Leicester City,941.0,31.0,10.5,21,1,19,6,1.82,0.57,0,0,2.4,217,288,75.3,3,1.6,14,10,7,1,8,6,6,2,2,0,2,0,14,8,0,51,58,10,0,4
Danny Ings,FW,Southampton,1651.0,69.0,18.3,1,7,52,19,2.83,1.04,3,3,8.6,287,417,68.8,3,2.5,25,32,16,2,26,16,20,4,8,1,1,0,16,6,0,82,90,32,0,6
Alex Iwobi,FW,Arsenal,1970.0,56.0,21.9,13,3,35,14,1.6,0.64,0,0,3.3,774,1031,75.1,6,5.5,39,48,59,14,23,17,27,12,4,0,0,0,8,2,0,126,99,43,0,11
José Izquierdo,MF,Brighton,795.0,53.0,8.8,6,0,15,4,1.7,0.45,0,0,0.7,162,210,77.1,1,0.5,5,9,4,1,18,8,10,5,9,0,1,0,6,4,0,68,31,24,0,-2
Phil Jagielka,DF,Everton,331.0,47.0,3.7,3,1,1,1,0.27,0.27,0,0,0.4,136,177,76.8,0,0.2,1,8,0,0,8,5,7,2,23,0,0,1,2,0,0,45,22,32,0,2
Alireza Jahanbakhsh,FW,Brighton,1020.0,54.0,11.3,7,0,22,7,1.94,0.62,0,0,0.8,210,306,68.6,0,0.3,4,16,6,1,39,24,12,11,7,0,2,0,19,6,0,87,33,30,0,9
Daryl Janmaat,DF,Watford,1520.0,84.0,16.9,1,0,11,1,0.65,0.06,0,0,0.4,563,795,70.8,2,0.7,10,48,23,11,33,16,35,30,58,0,3,0,16,1,0,196,50,123,0,-1
Vincent Janssen,FW,Tottenham,39.0,13.0,0.4,3,0,3,2,6.92,4.62,0,0,0.3,7,10,70.0,0,0.0,0,0,0,0,1,0,0,0,0,0,0,0,2,1,0,2,3,0,0,-1
Carl Jenkinson,DF,Arsenal,166.0,55.0,1.8,1,0,0,0,0.0,0.0,0,0,0.0,72,92,78.3,0,0.0,0,2,1,0,4,3,3,0,2,0,0,0,1,0,0,12,4,5,0,2
Gabriel Jesus,FW,Manchester City,1036.0,36.0,11.5,21,7,42,22,3.65,1.91,1,1,9.2,296,358,82.7,3,1.7,20,14,6,0,9,6,14,2,2,0,1,0,12,15,0,57,79,18,0,3
Raúl Jiménez,FW,Wolves,3111.0,82.0,34.6,2,13,113,32,3.27,0.93,2,2,14.2,789,1072,73.6,7,7.1,42,44,39,5,26,17,23,27,40,0,4,0,41,33,0,194,181,90,0,8
Ben Johnson,DF,West Ham,62.0,62.0,0.7,0,0,0,0,0.0,0.0,0,0,0.0,19,22,86.4,0,0.0,0,1,0,0,1,1,3,1,1,0,0,0,0,0,0,1,2,5,0,1
Tyreke Johnson,FW,Southampton,1.0,1.0,0.0,1,0,0,0,0.0,0.0,0,0,0.0,0,0,-9.223372036854776e+18,0,0.0,0,0,0,0,0,0,0,0,0,0,0,0,0,0,0,0,1,0,0,0
Phil Jones,DF,Manchester Utd,1263.0,70.0,14.0,3,0,5,2,0.36,0.14,0,0,0.4,692,748,92.5,1,0.5,3,31,2,0,26,18,26,22,86,1,1,0,8,0,0,154,43,134,0,10
Jorginho,MF,Chelsea,3156.0,85.0,35.1,0,2,18,6,0.51,0.17,1,1,1.5,2703,3032,89.1,0,3.2,29,348,47,1,75,55,55,67,28,0,8,0,33,0,0,426,96,150,0,35
Joselu,FW,Newcastle Utd,596.0,37.0,6.6,11,2,16,5,2.42,0.76,0,0,1.5,124,195,63.6,0,0.0,1,9,1,0,10,7,7,3,14,0,1,0,5,4,0,35,30,24,0,4
Diogo Jota,FW,Wolves,2355.0,71.0,26.2,4,9,57,23,2.18,0.88,0,0,8.0,597,788,75.8,5,4.0,27,48,24,6,29,19,22,14,9,0,11,0,42,6,0,167,139,45,0,9
Christian Kabasele,DF,Watford,1586.0,76.0,17.6,2,0,8,2,0.45,0.11,0,0,1.3,429,588,73.0,0,0.1,1,30,0,0,30,18,38,37,93,1,4,1,23,0,0,175,36,168,0,6
Harry Kane,FW,Tottenham,2424.0,87.0,26.9,1,17,97,42,3.6,1.56,4,4,14.1,423,575,73.6,4,4.0,29,58,17,3,11,7,18,1,13,0,5,0,31,10,0,88,160,32,0,3
N'Golo Kanté,MF,Chelsea,3092.0,86.0,34.4,0,4,29,6,0.84,0.17,0,0,2.7,1805,2056,87.8,4,3.7,47,149,40,7,78,61,72,45,26,0,3,0,35,6,0,356,116,143,0,44
Beram Kayal,MF,Brighton,940.0,52.0,10.4,9,1,4,1,0.38,0.1,0,0,0.3,203,292,69.5,1,1.0,5,20,3,1,33,27,23,16,28,0,4,0,18,0,0,98,36,67,0,21
Michael Keane,DF,Everton,2969.0,90.0,33.0,0,1,29,9,0.88,0.27,0,0,1.9,1285,1558,82.5,2,0.7,8,97,4,0,37,27,53,47,222,3,2,0,23,0,0,416,129,322,0,17
Naby Keïta,MF,Liverpool,1390.0,56.0,15.4,9,2,28,9,1.81,0.58,0,0,2.1,898,1013,88.6,1,1.1,10,95,33,1,39,20,36,13,13,0,0,0,24,0,0,142,67,62,0,1
Martin Kelly,DF,Crystal Palace,1111.0,85.0,12.3,1,0,3,1,0.24,0.08,0,0,0.4,263,346,76.0,0,0.1,1,19,2,0,21,14,25,11,103,3,2,0,6,0,1,85,26,139,0,7
Kenedy,MF,Newcastle Utd,1348.0,54.0,15.0,11,1,29,5,1.94,0.33,0,1,2.5,386,548,70.4,1,0.8,11,33,13,5,33,23,31,30,20,0,1,0,18,5,0,164,50,81,1,13
Jonjoe Kenny,DF,Everton,791.0,79.0,8.8,2,0,3,0,0.34,0.0,0,0,0.1,431,575,75.0,1,0.3,5,47,13,3,22,12,20,16,25,0,1,0,10,0,0,108,19,61,0,2
Max Kilman,DF,Wolves,1.0,1.0,0.0,1,0,0,0,0.0,0.0,0,0,0.0,0,0,-9.223372036854776e+18,0,0.0,0,0,0,0,0,0,0,0,0,0,0,0,0,0,0,0,1,0,0,0
Joshua King,FW,Bournemouth,2961.0,85.0,32.9,1,12,64,18,1.95,0.55,5,6,12.5,607,868,69.9,3,4.1,37,42,39,7,32,25,45,6,12,0,3,0,52,7,0,194,141,63,1,18
Anthony Knockaert,FW,Brighton,1837.0,61.0,20.4,12,2,29,9,1.42,0.44,0,0,2.9,523,736,71.1,6,4.2,40,22,18,6,28,17,24,29,10,0,4,1,23,3,0,154,74,63,0,6
Sead Kolašinac,DF,Arsenal,1887.0,79.0,21.0,2,0,10,2,0.48,0.1,0,0,0.5,973,1227,79.3,5,5.5,32,52,24,9,32,18,18,22,40,2,5,0,21,11,1,186,81,80,0,4
Vincent Kompany,DF,Manchester City,1224.0,72.0,13.6,4,1,3,1,0.22,0.07,0,0,0.2,1127,1212,93.0,0,0.1,3,109,1,0,13,9,14,15,61,0,6,0,17,1,0,143,58,90,0,5
Laurent Koscielny,DF,Arsenal,1331.0,78.0,14.8,4,3,5,4,0.34,0.27,0,0,1.7,805,871,92.4,0,0.1,2,27,2,0,19,10,27,29,95,1,1,0,11,0,0,140,62,151,0,1
Cheikhou Kouyaté,MF,Crystal Palace,1899.0,61.0,21.1,10,0,21,8,1.0,0.38,0,0,1.4,639,798,80.1,2,0.9,15,67,6,3,54,34,46,17,43,1,3,0,35,4,0,241,67,106,0,14
Mateo Kovacic,MF,Chelsea,1735.0,54.0,19.3,11,0,29,3,1.5,0.16,0,0,1.8,1355,1485,91.2,2,2.4,25,136,21,1,49,34,18,9,14,0,3,0,19,0,0,142,64,41,0,19
Alexandre Lacazette,FW,Arsenal,2502.0,71.0,27.8,8,13,81,28,2.91,1.01,0,0,11.8,579,797,72.6,8,2.9,29,32,45,3,35,28,30,15,22,0,2,0,51,24,0,104,166,67,0,21
Adam Lallana,MF,Liverpool,468.0,36.0,5.2,8,0,5,2,0.96,0.38,0,0,0.4,253,304,83.2,0,0.5,9,13,9,0,16,11,16,3,4,0,1,0,4,0,0,39,23,23,0,6
Érik Lamela,FW,Tottenham,974.0,51.0,10.8,10,4,29,11,2.68,1.02,0,0,3.4,368,449,82.0,2,2.7,24,26,20,2,21,15,15,8,2,0,2,0,23,1,0,76,67,25,0,9
Manuel Lanzini,MF,West Ham,686.0,69.0,7.6,2,1,11,4,1.44,0.52,0,0,1.3,408,471,86.6,1,1.1,6,28,7,0,10,9,7,7,3,0,2,0,5,0,0,50,31,17,0,8
Aymeric Laporte,DF,Manchester City,3057.0,87.0,34.0,1,3,27,7,0.79,0.21,0,0,2.2,2793,3028,92.2,3,1.1,14,322,7,0,44,27,29,38,124,0,3,0,22,2,0,352,177,191,0,10
Jamaal Lascelles,DF,Newcastle Utd,2745.0,86.0,30.5,0,0,10,1,0.33,0.03,0,0,0.5,836,1087,76.9,1,0.3,2,42,0,0,35,16,65,39,199,1,4,0,16,1,0,375,95,303,0,-3
Florian Lejeune,DF,Newcastle Utd,1054.0,88.0,11.7,0,0,6,2,0.51,0.17,0,0,0.4,427,554,77.1,0,0.3,3,49,3,0,29,14,29,20,58,1,0,0,11,0,0,140,35,107,0,-1
Mario Lemina,MF,Southampton,1613.0,77.0,17.9,3,1,27,4,1.51,0.22,0,0,1.2,704,833,84.5,1,0.4,11,67,12,1,51,40,25,42,23,0,5,0,31,1,0,192,50,90,0,29
Aaron Lennon,FW,Burnley,1215.0,76.0,13.5,2,1,4,2,0.3,0.15,0,0,0.4,235,316,74.4,1,0.6,7,7,7,2,33,20,29,8,8,0,1,0,12,0,0,70,41,45,0,7
Jefferson Lerma,MF,Bournemouth,2506.0,84.0,27.8,1,2,33,8,1.19,0.29,0,0,1.1,1320,1566,84.3,0,0.9,15,116,13,1,46,35,51,55,84,0,12,0,44,3,1,423,75,190,0,24
Stephan Lichtsteiner,DF,Arsenal,938.0,67.0,10.4,4,0,1,0,0.1,0.0,0,0,0.0,460,600,76.7,0,0.0,2,22,7,1,12,5,19,8,29,1,3,0,11,2,0,93,14,56,0,-2
Victor Lindelöf,DF,Manchester Utd,2601.0,87.0,28.9,1,1,7,1,0.24,0.03,0,0,0.6,1323,1481,89.3,1,1.0,4,57,6,0,34,21,35,24,139,0,1,0,20,0,1,296,85,198,0,8
Jesse Lingard,FW,Manchester Utd,1663.0,62.0,18.5,8,4,31,12,1.68,0.65,1,1,4.9,668,788,84.8,2,2.1,17,59,14,1,20,10,23,10,6,0,3,0,27,7,0,101,78,39,0,0
Fernando Llorente,FW,Tottenham,694.0,35.0,7.7,14,1,23,5,2.98,0.65,0,0,3.0,152,220,69.1,4,1.3,11,9,2,0,4,3,8,2,14,0,2,0,12,5,1,31,41,24,0,2
Jürgen Locadia,FW,Brighton,1236.0,48.0,13.7,14,2,26,9,1.89,0.66,0,0,3.1,263,357,73.7,0,1.0,13,12,11,3,22,14,16,9,11,0,1,0,22,11,0,90,52,36,0,6
Ruben Loftus-Cheek,MF,Chelsea,998.0,42.0,11.1,18,6,27,8,2.43,0.72,0,0,2.9,549,624,88.0,2,1.4,17,45,8,0,18,15,17,13,6,0,0,0,10,2,0,99,79,36,0,12
Kevin Long,DF,Burnley,514.0,86.0,5.7,1,0,1,0,0.18,0.0,0,0,0.1,139,177,78.5,1,0.0,0,8,0,0,21,13,12,6,27,0,0,0,3,0,0,54,16,45,0,5
Shane Long,FW,Southampton,1272.0,49.0,14.1,14,5,30,9,2.12,0.64,0,0,4.6,211,329,64.1,1,1.0,13,13,5,2,11,5,13,5,16,0,3,0,26,12,0,57,66,34,0,-1
Sean Longstaff,MF,Newcastle Utd,687.0,76.0,7.6,1,1,8,2,1.05,0.26,0,0,0.4,236,295,80.0,0,0.7,5,29,6,1,25,19,19,8,12,0,2,0,7,0,0,103,26,39,0,13
Ademola Lookman,FW,Everton,618.0,29.0,6.9,18,0,12,3,1.75,0.44,0,0,1.2,221,273,81.0,2,1.2,9,18,11,4,15,8,11,8,2,0,0,0,8,2,0,54,34,21,0,1
Dejan Lovren,DF,Liverpool,986.0,76.0,11.0,2,1,6,1,0.55,0.09,0,0,0.7,716,809,88.5,0,0.2,1,32,2,1,17,10,18,10,70,3,1,0,3,0,0,137,63,98,0,3
Matthew Lowton,DF,Burnley,1750.0,83.0,19.4,2,0,5,0,0.26,0.0,0,0,0.5,623,910,68.5,0,0.6,8,68,19,7,58,34,50,26,73,0,7,0,22,0,0,224,34,149,0,10
David Luiz,DF,Chelsea,3238.0,90.0,36.0,0,3,33,8,0.92,0.22,0,0,1.9,2293,2621,87.5,2,2.7,16,240,20,1,52,34,45,36,139,0,3,0,34,0,0,397,164,220,0,16
Romelu Lukaku,FW,Manchester Utd,2136.0,67.0,23.7,10,12,59,33,2.49,1.39,0,0,11.1,379,583,65.0,0,2.6,24,30,27,4,11,8,12,2,23,0,4,0,18,23,0,67,115,37,0,5
James Maddison,MF,Leicester City,2831.0,79.0,31.5,1,7,82,27,2.61,0.86,1,2,7.4,1243,1617,76.9,7,7.1,96,137,51,5,59,34,31,13,6,0,4,1,26,2,0,203,137,50,1,9
Harry Maguire,DF,Leicester City,2596.0,84.0,28.8,0,3,29,11,1.01,0.38,0,0,1.5,1496,1749,85.5,0,0.3,9,177,10,0,33,19,49,36,152,1,6,1,20,4,0,403,92,237,0,5
Riyad Mahrez,FW,Manchester City,1343.0,50.0,14.9,13,7,54,24,3.62,1.61,0,1,5.6,717,884,81.1,4,4.1,25,29,45,10,14,10,20,9,5,0,0,0,10,9,0,106,102,34,1,6
Ainsley Maitland-Niles,DF,Arsenal,987.0,62.0,11.0,5,1,6,3,0.55,0.27,0,0,0.9,454,571,79.5,1,1.2,6,33,14,1,35,23,29,19,18,0,2,1,8,1,0,97,34,66,0,11
Sadio Mané,FW,Liverpool,3077.0,85.0,34.2,1,22,88,42,2.57,1.23,0,0,16.1,932,1215,76.7,1,4.3,43,77,44,4,46,31,36,16,6,0,2,0,35,26,0,198,231,58,0,16
Javier Manquillo,DF,Newcastle Utd,1101.0,61.0,12.2,6,0,2,1,0.16,0.08,0,0,0.1,352,517,68.1,3,0.9,8,27,11,3,33,15,28,16,34,0,2,0,13,1,0,116,53,78,0,-3
Solly March,FW,Brighton,2463.0,70.0,27.4,5,1,42,9,1.53,0.33,0,0,2.6,597,924,64.6,5,3.8,38,35,34,20,47,24,63,28,24,0,1,0,29,7,0,186,94,115,0,1
Adrian Mariappa,DF,Watford,1927.0,74.0,21.4,6,0,5,1,0.23,0.05,0,0,0.8,736,879,83.7,0,0.7,5,47,3,1,40,14,28,25,134,2,3,0,19,1,0,188,57,187,0,-12
Anthony Martial,FW,Manchester Utd,1621.0,60.0,18.0,9,10,37,22,2.05,1.22,1,1,6.1,575,752,76.5,2,2.8,33,35,30,4,19,16,18,3,6,0,2,0,14,6,0,84,122,27,0,13
Adam Masina,DF,Watford,1004.0,72.0,11.2,3,0,3,0,0.27,0.0,0,0,0.1,436,565,77.2,1,0.4,2,30,4,2,26,14,27,16,34,0,5,0,17,1,0,130,26,77,0,2
Arthur Masuaku,DF,West Ham,1759.0,76.0,19.5,4,0,4,1,0.2,0.05,0,0,0.1,878,1092,80.4,1,1.5,15,65,13,6,53,36,48,36,53,0,2,0,16,0,0,188,49,137,0,19
Juan Mata,FW,Manchester Utd,1289.0,59.0,14.3,6,3,19,6,1.33,0.42,0,0,1.5,618,766,80.7,2,3.0,29,62,25,6,6,3,13,6,7,0,3,0,10,8,0,95,70,26,0,0
Nemanja Matic,MF,Manchester Utd,2436.0,87.0,27.1,0,1,12,3,0.44,0.11,0,0,1.4,1579,1797,87.9,0,0.9,14,173,21,4,49,29,55,31,67,0,7,1,27,1,0,377,59,153,0,9
Joël Matip,DF,Liverpool,1537.0,70.0,17.1,5,1,8,2,0.47,0.12,0,0,0.5,1158,1320,87.7,0,0.1,2,85,5,0,32,23,17,31,89,2,3,0,12,0,0,216,83,137,0,14
Konstantinos Mavropanos,DF,Arsenal,148.0,37.0,1.6,1,0,1,0,0.61,0.0,0,0,0.0,125,133,94.0,0,0.2,1,12,0,0,4,2,1,5,7,0,1,0,2,0,0,16,3,13,0,0
James McArthur,MF,Crystal Palace,3058.0,80.0,34.0,2,3,34,8,1.0,0.24,0,0,5.4,1151,1454,79.2,6,3.3,30,106,17,2,89,56,95,43,40,0,7,0,61,2,0,359,121,178,0,23
James McCarthy,MF,Everton,15.0,15.0,0.2,1,0,0,0,0.0,0.0,0,0,0.0,7,8,87.5,0,0.0,0,1,0,0,1,0,1,1,0,0,0,0,0,0,0,2,1,2,0,-1
Dwight McNeil,MF,Burnley,1591.0,76.0,17.7,2,3,28,6,1.58,0.34,0,0,1.8,383,584,65.6,5,3.3,27,25,20,14,25,11,35,14,30,0,2,0,15,1,0,146,75,79,0,-3
Scott McTominay,MF,Manchester Utd,867.0,54.0,9.6,7,2,15,6,1.56,0.62,0,0,1.0,387,455,85.1,0,0.0,1,33,1,0,16,13,12,14,21,0,1,0,11,1,0,101,38,47,0,10
Ben Mee,DF,Burnley,3420.0,90.0,38.0,0,0,23,6,0.61,0.16,0,0,1.5,1119,1484,75.4,2,1.2,9,122,5,1,54,24,83,44,279,6,9,0,28,0,2,511,81,406,0,-6
Benjamin Mendy,DF,Manchester City,900.0,90.0,10.0,0,0,7,2,0.7,0.2,0,0,0.2,668,791,84.5,5,1.3,12,54,27,11,15,8,16,10,14,1,1,0,12,0,0,108,59,40,0,1
Nampalys Mendy,MF,Leicester City,2092.0,67.0,23.2,8,0,3,0,0.13,0.0,0,0,0.1,969,1106,87.6,0,0.2,6,95,5,3,40,23,40,27,22,0,5,0,22,0,0,260,58,89,0,6
Chris Mepham,DF,Bournemouth,850.0,65.0,9.4,3,0,2,0,0.21,0.0,0,0,0.0,324,391,82.9,1,0.0,0,17,0,0,10,4,18,15,64,1,1,0,7,0,0,88,27,97,0,-2
Max Meyer,MF,Crystal Palace,1416.0,49.0,15.7,14,1,35,6,2.22,0.38,0,0,2.2,566,697,81.2,2,1.2,23,45,13,2,34,16,17,17,15,0,3,0,10,1,0,117,60,49,0,-2
Luka Milivojevic,MF,Crystal Palace,3420.0,90.0,38.0,0,12,47,13,1.24,0.34,10,11,11.1,1629,2140,76.1,2,3.0,59,181,26,8,93,67,80,72,75,2,10,0,60,0,0,451,166,227,1,41
James Milner,MF,Liverpool,1789.0,58.0,19.9,12,5,21,4,1.06,0.2,3,3,3.9,1300,1614,80.5,4,4.9,45,143,41,7,44,26,50,16,19,1,6,1,28,0,0,193,101,85,0,8
Yerry Mina,DF,Everton,892.0,69.0,9.9,3,1,4,1,0.4,0.1,0,0,0.4,413,488,84.6,0,0.2,3,28,1,0,17,12,16,7,61,0,3,0,13,1,0,100,36,84,0,7
Tyrone Mings,DF,Bournemouth,143.0,29.0,1.6,3,0,0,0,0.0,0.0,0,0,0.0,74,91,81.3,0,0.0,0,8,0,0,3,2,3,7,7,0,0,0,0,0,0,20,5,17,0,1
Henrikh Mkhitaryan,FW,Arsenal,1641.0,66.0,18.2,6,6,50,14,2.74,0.77,0,0,4.6,661,872,75.8,4,4.3,27,67,32,2,28,18,32,17,11,0,1,0,27,3,0,166,98,60,0,8
Nacho Monreal,DF,Arsenal,1861.0,85.0,20.7,1,1,9,4,0.44,0.19,0,0,1.3,1121,1296,86.5,3,1.3,11,68,14,3,36,27,37,28,81,0,5,0,17,1,0,165,77,146,0,18
Martín Montoya,DF,Brighton,2167.0,87.0,24.1,1,0,8,1,0.33,0.04,0,0,0.2,895,1145,78.2,1,1.1,19,67,27,12,56,26,46,49,62,1,4,0,29,0,0,214,45,157,0,-4
Álvaro Morata,FW,Chelsea,941.0,59.0,10.5,5,5,35,16,3.35,1.53,0,0,6.3,171,219,78.1,0,0.2,6,13,1,0,9,6,6,0,7,0,3,0,19,20,0,24,46,13,0,3
Alberto Moreno,DF,Liverpool,154.0,77.0,1.7,0,0,1,0,0.58,0.0,0,0,0.0,110,126,87.3,0,0.2,3,7,5,1,4,2,2,1,1,0,0,0,1,0,0,20,4,4,0,0
Wes Morgan,DF,Leicester City,1925.0,88.0,21.4,1,3,14,5,0.65,0.23,0,0,1.9,739,896,82.5,0,0.2,2,34,0,0,29,16,41,29,110,3,3,2,18,3,0,245,76,180,0,3
Victor Moses,FW,Chelsea,28.0,14.0,0.3,2,0,0,0,0.0,0.0,0,0,0.0,11,14,78.6,0,0.0,0,0,1,0,0,0,1,0,0,0,0,0,1,0,0,2,2,1,0,0
Lucas Moura,FW,Tottenham,2121.0,66.0,23.6,7,10,45,20,1.91,0.85,0,0,5.4,561,745,75.3,0,1.9,27,37,18,2,33,23,19,24,24,0,3,0,25,14,0,143,131,67,0,13
Lys Mousset,FW,Bournemouth,368.0,15.0,4.1,23,1,13,7,3.18,1.71,0,0,1.7,86,121,71.1,0,0.5,4,9,6,0,5,4,4,1,2,0,1,0,7,4,0,21,28,7,0,3
João Moutinho,MF,Wolves,3032.0,80.0,33.7,3,1,18,3,0.53,0.09,0,0,0.6,1660,2063,80.5,8,5.7,80,195,45,14,99,65,71,38,43,1,4,0,55,0,0,379,119,152,0,31
Jacob Murphy,MF,Newcastle Utd,302.0,34.0,3.4,6,0,2,1,0.6,0.3,0,0,0.0,39,71,54.9,1,0.4,1,2,3,2,6,4,6,2,4,0,0,0,4,1,0,22,16,12,0,2
Glenn Murray,FW,Brighton,2508.0,66.0,27.9,8,13,51,16,1.83,0.57,4,4,10.4,385,633,60.8,1,0.8,11,25,9,3,14,7,32,2,15,0,5,0,80,38,0,87,129,49,0,0
Shkodran Mustafi,DF,Arsenal,2611.0,84.0,29.0,0,2,19,9,0.65,0.31,0,0,1.3,1438,1747,82.3,0,0.2,5,112,10,0,63,36,50,59,190,1,9,0,42,4,0,308,80,299,0,9
Yoshinori Muto,FW,Newcastle Utd,524.0,31.0,5.8,12,1,5,3,0.86,0.52,0,0,0.8,89,127,70.1,0,0.3,3,10,1,0,11,7,14,5,4,0,1,0,13,2,0,40,24,23,0,3
Georges-Kévin N'Koudou,FW,Tottenham,5.0,5.0,0.1,1,0,0,0,0.0,0.0,0,0,0.0,3,4,75.0,1,0.2,1,0,1,1,0,0,0,0,0,0,0,0,0,0,0,1,4,0,0,0
Samir Nasri,MF,West Ham,245.0,49.0,2.7,2,0,3,0,1.1,0.0,0,0,0.2,135,155,87.1,2,0.8,6,11,6,1,0,0,1,1,1,0,0,0,3,3,0,13,14,3,0,0
Marc Navarro,DF,Watford,84.0,42.0,0.9,1,0,0,0,0.0,0.0,0,0,0.0,22,34,64.7,0,0.0,0,0,0,0,3,1,2,0,3,0,0,0,1,0,0,7,2,5,0,-1
Wilfred Ndidi,MF,Leicester City,3296.0,87.0,36.6,1,2,56,9,1.53,0.25,0,0,3.3,1634,2035,80.3,0,1.5,22,155,11,0,160,109,81,80,92,0,8,0,47,2,0,536,89,253,0,58
Rúben Neves,MF,Wolves,3007.0,86.0,33.4,1,4,71,15,2.13,0.45,2,2,3.6,1569,1946,80.6,3,1.4,19,198,17,3,64,39,75,73,52,1,8,0,37,0,0,445,104,200,0,14
Eddie Nketiah,MF,Arsenal,67.0,13.0,0.7,5,1,3,1,4.03,1.34,0,0,0.2,19,20,95.0,0,0.1,1,1,1,0,1,1,0,0,1,0,0,0,1,2,0,4,10,1,0,1
Mark Noble,MF,West Ham,2291.0,74.0,25.5,2,5,13,5,0.51,0.2,4,4,3.8,1293,1533,84.3,5,2.4,21,140,28,5,55,38,19,21,8,0,6,1,24,1,0,245,99,48,0,21
Michael Obafemi,FW,Southampton,137.0,23.0,1.5,5,1,8,2,5.26,1.31,0,0,1.8,17,23,73.9,1,0.2,2,0,3,1,1,1,2,1,0,0,1,0,2,1,0,7,13,3,0,1
Pedro Obiang,MF,West Ham,1128.0,47.0,12.5,12,0,16,1,1.28,0.08,0,0,0.7,434,549,79.1,1,0.4,4,47,4,1,39,25,25,14,16,0,0,0,15,2,0,107,43,55,0,11
Angelo Ogbonna,DF,West Ham,1874.0,78.0,20.8,4,1,13,5,0.62,0.24,0,0,1.3,659,787,83.7,1,0.5,4,35,2,0,38,23,48,34,111,0,2,0,15,0,0,195,48,193,0,8
Stefano Okaka,FW,Watford,24.0,12.0,0.3,2,0,2,0,7.5,0.0,0,0,0.4,9,13,69.2,0,0.2,2,1,1,1,0,0,1,0,0,0,1,0,1,0,0,6,1,1,0,0
Shinji Okazaki,FW,Leicester City,288.0,14.0,3.2,20,0,4,3,1.25,0.94,0,0,0.3,75,99,75.8,1,0.3,2,4,1,0,6,4,9,2,0,0,0,0,6,3,0,15,25,11,0,2
Divock Origi,FW,Liverpool,371.0,31.0,4.1,8,3,13,6,3.15,1.46,0,0,2.0,77,115,67.0,1,0.2,3,5,4,2,6,4,3,1,1,0,0,0,2,3,0,29,32,5,0,2
Nicolás Otamendi,DF,Manchester City,1236.0,69.0,13.7,4,0,14,3,1.02,0.22,0,0,1.2,1156,1243,93.0,0,0.2,2,80,2,0,29,16,11,28,77,0,1,0,8,0,0,145,70,116,0,3
Alex Oxlade-Chamberlain,MF,Liverpool,21.0,11.0,0.2,2,0,1,1,4.29,4.29,0,0,0.3,12,14,85.7,0,0.0,1,3,0,0,1,0,2,1,0,0,0,0,0,0,0,1,2,3,0,-1
Mesut Özil,MF,Arsenal,1735.0,72.0,19.3,4,5,11,6,0.57,0.31,0,0,1.6,1028,1179,87.2,2,5.6,46,101,51,11,9,5,9,5,2,0,2,0,10,10,0,114,89,16,0,1
Emerson Palmieri,DF,Chelsea,663.0,66.0,7.4,3,0,5,1,0.68,0.14,0,0,0.2,451,518,87.1,0,0.6,4,22,14,3,17,8,17,6,11,0,0,0,8,0,0,51,22,34,0,-1
Sokratis Papastathopoulos,DF,Arsenal,2198.0,88.0,24.4,0,1,10,1,0.41,0.04,0,0,0.8,1215,1353,89.8,2,0.5,4,33,4,0,50,32,42,27,138,0,12,0,37,0,0,186,64,207,0,14
Pedro,FW,Chelsea,1778.0,57.0,19.8,10,8,58,24,2.94,1.21,0,0,6.9,950,1135,83.7,2,2.9,27,50,30,8,23,15,24,17,6,0,2,0,17,8,0,129,112,47,0,7
Andreas Pereira,MF,Manchester Utd,599.0,40.0,6.7,9,1,8,2,1.2,0.3,0,0,0.3,297,360,82.5,1,0.8,9,37,8,3,8,6,14,9,6,0,5,0,12,1,0,69,27,29,0,4
Ricardo Pereira,DF,Leicester City,3123.0,89.0,34.7,0,2,26,9,0.75,0.26,0,0,1.5,1495,1956,76.4,6,4.3,31,109,31,6,119,70,103,63,98,0,7,0,43,2,0,348,146,264,0,21
Roberto Pereyra,FW,Watford,2815.0,85.0,31.3,0,6,56,21,1.79,0.67,0,0,5.1,967,1187,81.5,1,3.4,38,71,37,5,24,20,50,20,19,1,3,0,27,2,0,245,122,89,0,16
Ayoze Pérez,FW,Newcastle Utd,2917.0,79.0,32.4,3,12,53,26,1.64,0.8,0,0,7.5,609,812,75.0,2,3.6,38,46,25,4,52,35,72,42,34,1,2,0,46,9,0,221,141,148,0,18
Lucas Pérez,FW,West Ham,475.0,32.0,5.3,11,3,9,3,1.71,0.57,0,0,1.9,102,148,68.9,0,0.8,8,4,4,0,4,3,2,3,2,0,0,0,5,3,0,28,33,7,0,2
Paul Pogba,MF,Manchester Utd,3006.0,86.0,33.4,1,13,96,38,2.87,1.14,7,10,14.5,1728,2115,81.7,9,5.2,51,225,64,8,47,37,42,20,30,0,6,0,54,5,0,298,179,92,3,27
Sebastian Prödl,DF,Watford,13.0,13.0,0.1,1,0,0,0,0.0,0.0,0,0,0.0,3,3,100.0,0,0.0,0,0,0,0,0,0,0,0,0,0,0,0,1,0,0,0,1,0,0,0
Davy Pröpper,MF,Brighton,2546.0,85.0,28.3,0,1,15,2,0.53,0.07,0,0,1.1,980,1252,78.3,1,1.0,19,122,21,3,49,36,50,52,37,0,2,0,34,2,0,330,72,139,0,23
Domingos Quina,MF,Watford,338.0,42.0,3.8,5,1,5,1,1.33,0.27,0,0,0.2,198,232,85.3,0,0.1,1,25,3,1,13,8,4,4,5,0,0,0,7,0,0,46,17,13,0,3
Aaron Ramsey,MF,Arsenal,1331.0,48.0,14.8,14,4,33,12,2.23,0.81,0,0,3.2,647,790,81.9,6,2.4,24,53,21,5,31,19,9,7,2,0,0,0,21,5,0,112,91,18,0,7
Kayne Ramsey,DF,Southampton,90.0,90.0,1.0,0,0,0,0,0.0,0.0,0,0,0.0,14,18,77.8,0,0.0,0,0,0,0,3,2,0,0,8,0,0,0,0,0,0,5,1,8,0,1
Marcus Rashford,FW,Manchester Utd,2334.0,71.0,25.9,7,10,83,40,3.2,1.54,0,0,9.4,538,728,73.9,6,4.4,38,32,24,3,19,9,24,4,18,0,3,1,26,15,0,114,128,46,0,-1
Nathan Redmond,FW,Southampton,3270.0,86.0,36.3,2,6,74,22,2.04,0.61,0,0,6.3,877,1215,72.2,4,5.4,55,62,61,22,43,29,57,22,11,0,3,0,29,15,0,246,137,90,0,15
Declan Rice,MF,West Ham,3003.0,88.0,33.4,0,2,24,5,0.72,0.15,0,0,1.4,1364,1570,86.9,0,0.5,9,127,5,0,93,68,54,50,59,0,4,0,17,1,0,449,92,163,0,43
Richarlison,FW,Everton,2665.0,76.0,29.6,3,13,87,27,2.94,0.91,0,0,9.0,546,837,65.2,1,1.4,17,39,25,3,55,34,33,15,35,0,5,1,33,17,0,226,153,83,0,13
Diego Rico,DF,Bournemouth,612.0,51.0,6.8,7,0,9,0,1.32,0.0,0,0,0.2,259,382,67.8,0,1.1,11,22,7,5,12,5,17,14,21,0,1,0,10,0,0,80,8,52,0,-2
Matt Ritchie,DF,Newcastle Utd,2928.0,81.0,32.5,1,2,39,7,1.2,0.22,1,2,5.0,1036,1580,65.6,8,4.6,53,63,46,28,65,40,68,57,59,0,9,0,55,1,0,298,110,184,1,15
Andrew Robertson,DF,Liverpool,3216.0,89.0,35.7,0,0,14,5,0.39,0.14,0,0,0.9,2283,2797,81.6,11,6.8,52,159,72,18,76,44,53,31,54,1,4,0,20,1,0,362,213,138,0,12
Marcos Rojo,DF,Manchester Utd,212.0,42.0,2.4,3,0,6,3,2.55,1.27,0,0,0.3,99,137,72.3,0,0.0,0,11,1,0,5,3,7,6,9,1,2,0,3,0,1,19,2,22,0,1
Oriol Romeu,MF,Southampton,2136.0,69.0,23.7,6,1,10,4,0.42,0.17,0,0,0.8,898,1116,80.5,0,0.4,7,121,10,2,86,60,60,46,50,0,11,0,46,0,0,338,55,156,0,34
Salomón Rondón,FW,Newcastle Utd,2603.0,81.0,28.9,2,11,89,29,3.08,1.0,0,0,11.0,538,772,69.7,7,3.3,30,42,22,3,11,8,19,6,38,0,1,0,22,20,0,152,148,63,0,5
Danny Rose,DF,Tottenham,1798.0,69.0,20.0,6,0,15,2,0.75,0.1,0,0,0.7,869,1173,74.1,3,2.1,26,58,34,16,51,29,40,23,25,0,5,0,26,1,0,201,86,88,0,7
Antonio Rüdiger,DF,Chelsea,2871.0,87.0,31.9,0,1,28,7,0.88,0.22,0,0,2.0,2310,2528,91.4,0,0.5,5,177,10,0,38,20,28,29,106,1,7,0,29,1,0,403,116,163,0,2
Romain Saïss,MF,Wolves,1149.0,60.0,12.8,7,2,11,5,0.86,0.39,0,0,1.5,553,706,78.3,0,0.3,3,60,5,2,45,23,35,28,85,0,7,0,27,0,0,156,47,148,0,1
Bukayo Saka,FW,Arsenal,8.0,8.0,0.1,1,0,0,0,0.0,0.0,0,0,0.0,0,0,-9.223372036854776e+18,0,0.0,0,0,0,0,0,0,0,0,0,0,0,0,0,0,0,0,1,0,0,0
Mamadou Sakho,DF,Crystal Palace,2416.0,89.0,26.8,0,0,5,0,0.19,0.0,0,0,0.8,1135,1285,88.3,0,0.5,7,81,3,0,28,15,45,42,153,2,2,0,6,0,0,293,88,240,0,2
Bakary Sako,FW,Crystal Palace,29.0,7.0,0.3,4,0,0,0,0.0,0.0,0,0,0.0,9,13,69.2,0,0.0,0,1,0,0,2,1,0,0,0,0,0,0,1,1,0,5,4,0,0,0
Mohamed Salah,FW,Liverpool,3250.0,86.0,36.1,1,22,135,60,3.74,1.66,3,3,19.1,864,1150,75.1,8,9.1,68,58,74,7,16,14,20,5,3,0,1,0,25,28,0,201,259,28,0,12
Alexis Sánchez,FW,Manchester Utd,880.0,44.0,9.8,11,1,18,9,1.84,0.92,0,0,1.5,292,409,71.4,3,3.1,20,25,26,5,14,8,7,9,2,0,3,0,15,8,0,61,47,18,0,2
Carlos Sánchez,MF,West Ham,245.0,35.0,2.7,5,0,3,0,1.1,0.0,0,0,0.1,124,140,88.6,0,0.1,2,14,1,0,2,1,1,1,3,1,0,0,3,0,0,34,9,5,0,0
Davinson Sánchez,DF,Tottenham,1942.0,84.0,21.6,1,1,12,3,0.56,0.14,0,0,1.2,1289,1424,90.5,1,0.0,1,42,0,0,36,23,30,27,113,0,2,0,20,0,0,256,78,170,0,10
Leroy Sané,FW,Manchester City,1867.0,60.0,20.7,10,10,56,24,2.7,1.16,0,0,6.0,750,954,78.6,10,6.6,36,26,39,2,23,19,28,9,2,0,1,0,10,19,0,122,156,39,0,15
Fabian Schär,DF,Newcastle Utd,1999.0,83.0,22.2,2,4,23,7,1.04,0.32,0,0,1.7,699,1029,67.9,1,0.6,11,86,9,1,63,28,54,65,147,0,12,0,28,1,0,238,93,266,0,-7
Jeffrey Schlupp,MF,Crystal Palace,1670.0,56.0,18.6,12,4,29,9,1.56,0.49,0,0,3.0,484,646,74.9,1,1.5,17,49,12,3,41,19,45,22,22,0,1,0,25,0,0,148,91,89,0,-3
Morgan Schneiderlin,MF,Everton,834.0,60.0,9.3,4,0,3,0,0.32,0.0,0,0,0.1,484,544,89.0,1,0.6,9,48,4,0,24,14,16,15,21,0,2,0,21,0,0,108,28,52,0,4
Ken Sema,FW,Watford,754.0,44.0,8.4,8,1,10,3,1.19,0.36,0,0,0.8,186,261,71.3,2,0.4,7,11,5,0,13,9,16,8,4,0,1,0,13,1,0,60,37,28,0,5
Xherdan Shaqiri,FW,Liverpool,1064.0,44.0,11.8,13,6,26,10,2.2,0.85,0,0,3.7,545,695,78.4,3,1.9,19,49,36,7,9,4,11,5,5,0,2,0,9,2,0,102,88,21,0,-1
Luke Shaw,DF,Manchester Utd,2591.0,89.0,28.8,0,1,20,6,0.69,0.21,0,0,1.0,1657,1984,83.5,4,3.5,33,122,36,9,45,25,59,22,83,0,11,0,42,1,0,342,91,164,0,5
Jonjo Shelvey,MF,Newcastle Utd,948.0,59.0,10.5,6,1,24,8,2.28,0.76,0,0,1.0,458,678,67.6,1,1.4,24,79,20,6,19,9,13,8,15,0,1,0,16,0,0,146,39,36,0,-1
Gylfi Sigurðsson,MF,Everton,3117.0,82.0,34.6,2,13,81,29,2.34,0.84,2,5,10.8,830,1231,67.4,6,7.0,72,99,48,8,47,31,49,29,21,0,3,0,33,3,0,258,182,99,3,15
Adrien Silva,MF,Leicester City,88.0,44.0,1.0,1,0,0,0,0.0,0.0,0,0,0.0,70,79,88.6,0,0.0,0,9,1,0,2,1,0,1,1,0,0,0,1,0,0,11,3,2,0,0
Bernardo Silva,MF,Manchester City,2854.0,79.0,31.7,5,7,64,22,2.02,0.69,0,0,6.5,1513,1798,84.1,7,7.4,70,96,57,5,58,46,53,27,19,0,3,0,31,2,0,254,154,99,0,34
David Silva,MF,Manchester City,2401.0,73.0,26.7,5,6,50,18,1.87,0.67,0,0,6.9,1783,2083,85.6,8,9.0,73,136,84,5,27,22,24,19,13,0,2,0,26,6,0,215,143,56,0,17
Xande Silva,FW,West Ham,18.0,18.0,0.2,1,0,2,0,10.0,0.0,0,0,0.1,3,5,60.0,0,0.0,1,0,0,0,0,0,1,0,0,0,0,0,0,0,0,1,1,1,0,0
Danny Simpson,DF,Leicester City,292.0,49.0,3.2,3,0,0,0,0.0,0.0,0,0,0.0,108,154,70.1,0,0.0,1,5,0,0,9,7,12,6,16,0,0,0,2,0,0,35,12,34,0,5
Jack Simpson,DF,Bournemouth,403.0,67.0,4.5,2,0,2,1,0.45,0.22,0,0,0.1,191,225,84.9,0,0.1,1,12,1,0,7,4,10,10,42,0,0,0,3,0,1,46,10,62,0,1
Josh Sims,FW,Southampton,212.0,30.0,2.4,5,0,5,1,2.12,0.42,0,0,0.6,36,46,78.3,1,0.5,2,1,2,2,1,0,2,1,1,0,0,0,1,1,0,23,11,4,0,-1
Moussa Sissoko,MF,Tottenham,2330.0,80.0,25.9,2,0,15,3,0.58,0.12,0,0,1.2,1205,1397,86.3,3,2.4,23,106,13,3,45,30,41,16,24,0,2,0,25,3,0,259,76,81,0,15
Oliver Skipp,MF,Tottenham,220.0,28.0,2.4,6,0,2,0,0.82,0.0,0,0,0.1,116,137,84.7,0,0.0,1,7,0,0,5,3,4,1,4,0,0,0,4,0,0,30,12,9,0,1
Callum Slattery,MF,Southampton,112.0,37.0,1.2,2,0,2,0,1.61,0.0,0,0,0.2,21,32,65.6,0,0.0,0,3,1,0,4,2,5,2,2,0,0,0,4,0,0,10,4,9,0,0
Chris Smalling,DF,Manchester Utd,2127.0,89.0,23.6,0,1,12,4,0.51,0.17,0,0,1.1,800,924,86.6,0,0.4,3,21,1,0,29,15,53,27,141,1,1,0,22,2,1,230,56,221,0,1
Adam Smith,DF,Bournemouth,2066.0,83.0,23.0,0,1,8,1,0.35,0.04,0,0,0.4,860,1072,80.2,1,0.8,10,73,16,3,49,28,56,32,67,1,5,1,18,0,0,191,70,155,0,7
Robert Snodgrass,MF,West Ham,2220.0,67.0,24.7,8,2,31,8,1.26,0.32,0,0,2.3,875,1156,75.7,5,4.9,61,81,31,6,45,27,26,11,19,0,10,0,36,3,0,185,85,56,0,9
Cédric Soares,DF,Southampton,1495.0,83.0,16.6,2,1,10,3,0.6,0.18,0,0,0.3,577,822,70.2,2,1.2,13,50,20,10,28,17,36,21,41,1,4,0,9,1,0,175,52,98,0,6
Dominic Solanke,FW,Bournemouth,347.0,35.0,3.9,8,0,9,3,2.33,0.78,0,0,0.9,73,101,72.3,1,0.6,8,3,2,0,8,6,7,2,5,0,0,0,2,1,0,28,15,14,0,4
Pape Souaré,DF,Crystal Palace,1.0,1.0,0.0,1,0,0,0,0.0,0.0,0,0,0.0,3,3,100.0,0,0.0,0,0,0,0,0,0,0,0,0,0,0,0,0,0,0,1,1,0,0,0
Çaglar Söyüncü,DF,Leicester City,372.0,62.0,4.1,2,0,2,1,0.48,0.24,0,0,0.1,183,215,85.1,0,0.0,0,11,2,1,7,5,6,6,33,1,1,0,9,0,0,37,9,45,0,3
Junior Stanislas,MF,Bournemouth,1031.0,45.0,11.5,12,2,33,9,2.88,0.79,1,1,3.9,409,537,76.2,3,2.1,15,30,29,5,11,7,13,3,11,0,1,0,6,3,0,85,56,27,0,3
Dale Stephens,MF,Brighton,2485.0,83.0,27.6,1,1,10,2,0.36,0.07,0,0,0.3,1145,1369,83.6,1,0.8,21,140,11,0,76,53,40,49,59,1,6,1,44,0,0,337,65,148,0,30
Jack Stephens,DF,Southampton,1700.0,71.0,18.9,5,1,7,5,0.37,0.26,0,0,0.7,599,793,75.5,0,0.1,4,51,4,0,24,15,31,34,121,0,4,0,13,0,0,219,47,186,0,6
Raheem Sterling,FW,Manchester City,2771.0,82.0,30.8,3,17,76,37,2.47,1.2,0,0,13.1,1099,1337,82.2,9,9.2,58,22,52,5,29,17,36,16,6,0,3,0,41,13,0,161,234,58,0,5
John Stones,DF,Manchester City,1764.0,74.0,19.6,4,0,5,1,0.26,0.05,0,0,0.2,1646,1741,94.5,0,0.2,5,111,5,0,15,11,29,15,67,0,1,0,6,1,0,188,83,111,0,7
Daniel Sturridge,FW,Liverpool,509.0,28.0,5.7,14,2,18,6,3.18,1.06,0,0,1.2,148,188,78.7,1,1.2,8,13,11,0,3,2,1,2,1,0,1,0,5,4,0,35,34,4,0,1
Denis Suárez,FW,Arsenal,71.0,18.0,0.8,4,0,0,0,0.0,0.0,0,0,0.0,32,35,91.4,0,0.0,0,2,1,0,1,1,0,1,0,0,0,0,0,1,0,6,4,1,0,1
Isaac Success,FW,Watford,1052.0,35.0,11.7,21,1,28,11,2.4,0.94,0,0,2.7,262,369,71.0,1,2.1,19,14,22,4,21,17,10,2,9,0,4,0,24,12,0,57,42,21,0,13
Ki Sung-yueng,MF,Newcastle Utd,1302.0,72.0,14.5,4,0,9,2,0.62,0.14,0,0,0.2,520,644,80.7,1,0.9,15,52,8,0,15,10,18,20,15,1,2,0,12,0,0,161,38,53,0,5
Andrew Surman,MF,Bournemouth,1439.0,80.0,16.0,2,0,9,1,0.56,0.06,0,0,0.3,725,839,86.4,0,0.7,9,66,18,1,13,8,29,10,31,0,2,0,8,0,0,181,36,70,0,3
Sam Surridge,FW,Bournemouth,13.0,7.0,0.1,2,0,2,1,13.85,6.92,0,0,0.4,3,5,60.0,0,0.1,1,0,0,0,0,0,0,0,0,0,0,0,0,0,0,1,2,0,0,0
Alexander Sørloth,FW,Crystal Palace,185.0,15.0,2.1,12,0,4,2,1.95,0.97,0,0,0.2,41,62,66.1,0,0.6,3,2,1,0,1,1,2,0,3,0,0,0,4,0,0,16,12,5,0,1
Matt Targett,DF,Southampton,1186.0,74.0,13.2,3,1,11,3,0.83,0.23,0,0,0.6,456,688,66.3,3,2.5,22,34,14,8,27,15,38,26,34,0,2,0,8,1,0,107,36,98,0,3
James Tarkowski,DF,Burnley,3086.0,88.0,34.3,0,3,24,8,0.7,0.23,0,0,3.6,790,1117,70.7,1,0.3,6,91,13,0,71,39,95,40,259,3,8,0,35,4,0,405,97,394,0,7
Charlie Taylor,DF,Burnley,3243.0,85.0,36.0,3,0,6,0,0.17,0.0,0,0,0.1,1224,1707,71.7,1,1.1,12,66,22,13,56,34,125,35,111,1,2,0,15,1,0,331,82,271,0,12
Youri Tielemans,MF,Leicester City,1086.0,84.0,12.1,0,3,30,10,2.49,0.83,0,0,1.8,542,645,84.0,4,2.5,19,65,13,3,14,11,19,4,15,0,2,0,11,0,0,114,63,38,0,8
James Tomkins,DF,Crystal Palace,2560.0,88.0,28.4,0,1,23,7,0.81,0.25,0,0,1.3,915,1089,84.0,1,0.9,6,62,1,0,45,28,36,39,205,2,5,0,16,2,0,253,86,280,0,11
Lucas Torreira,MF,Arsenal,2382.0,70.0,26.5,10,2,24,6,0.91,0.23,0,0,1.7,1420,1623,87.5,2,1.3,16,104,18,1,57,46,39,41,41,0,7,1,37,0,0,349,78,121,0,35
Cenk Tosun,FW,Everton,1059.0,42.0,11.8,15,3,34,15,2.89,1.27,0,0,3.9,190,255,74.5,3,0.5,11,9,9,1,13,11,8,5,2,0,3,0,17,10,0,56,56,15,0,9
Andros Townsend,FW,Crystal Palace,3009.0,79.0,33.4,4,6,62,17,1.85,0.51,0,0,4.9,895,1237,72.4,4,5.2,64,56,44,21,60,39,63,37,18,0,1,0,10,9,0,264,135,118,0,18
Adama Traoré,FW,Wolves,902.0,31.0,10.0,21,1,19,7,1.9,0.7,0,0,1.2,240,334,71.9,1,1.8,17,17,20,13,16,8,10,6,8,0,1,0,15,7,0,66,44,24,0,0
Kieran Trippier,DF,Tottenham,2276.0,84.0,25.3,1,1,8,3,0.32,0.12,0,0,0.5,1515,2000,75.8,3,4.2,48,94,65,30,66,38,55,23,67,2,2,0,20,6,1,273,118,145,0,10
Antonio Valencia,DF,Manchester Utd,466.0,78.0,5.2,1,0,2,0,0.39,0.0,0,0,0.1,275,321,85.7,0,0.6,7,23,7,4,10,4,14,5,7,0,2,0,7,0,0,35,17,26,0,-2
Yan Valery,DF,Southampton,1712.0,74.0,19.0,3,2,6,5,0.32,0.26,0,0,0.6,380,621,61.2,1,0.2,5,31,7,3,50,27,51,20,48,1,4,1,28,2,0,160,54,119,0,4
Jamie Vardy,FW,Leicester City,2726.0,80.0,30.3,4,18,75,32,2.48,1.06,4,5,17.5,286,443,64.6,4,4.4,29,13,17,5,20,13,25,5,28,0,3,1,20,37,0,86,174,58,1,6
Jan Vertonghen,DF,Tottenham,1911.0,87.0,21.2,0,1,16,2,0.75,0.09,0,0,1.5,1338,1535,87.2,0,0.2,3,121,7,3,40,31,36,33,93,3,4,1,11,1,0,265,67,162,0,22
Jannik Vestergaard,DF,Southampton,2027.0,88.0,22.5,0,0,13,1,0.58,0.04,0,0,0.5,671,887,75.6,0,0.6,6,66,2,0,55,33,45,34,165,4,2,0,16,1,0,277,50,244,0,11
Rúben Vinagre,DF,Wolves,710.0,42.0,7.9,10,0,5,4,0.63,0.51,0,0,0.3,301,424,71.0,0,0.8,6,18,7,6,12,7,13,14,11,0,1,0,13,1,0,73,24,38,0,2
Sam Vokes,FW,Burnley,915.0,46.0,10.2,10,3,23,7,2.26,0.69,0,0,2.7,151,259,58.3,0,0.5,6,18,4,1,5,0,7,0,16,0,0,0,14,8,0,19,48,23,0,-5
Matej Vydra,FW,Burnley,318.0,24.0,3.5,10,1,6,3,1.7,0.85,0,0,1.4,46,77,59.7,1,0.2,1,0,4,0,4,3,4,1,2,0,1,0,7,2,0,21,21,7,0,2
Theo Walcott,FW,Everton,2119.0,57.0,23.5,13,5,43,21,1.83,0.89,0,0,5.7,447,631,70.8,2,2.5,21,41,18,11,26,14,25,23,13,0,1,0,11,19,0,122,101,61,0,2
Kyle Walker,DF,Manchester City,2779.0,84.0,30.9,3,1,20,3,0.65,0.1,0,0,0.7,2337,2655,88.0,1,1.7,24,252,29,4,46,31,38,38,68,0,3,0,15,4,0,348,150,144,0,16
Kyle Walker-Peters,DF,Tottenham,376.0,63.0,4.2,2,0,2,0,0.48,0.0,0,0,0.4,186,226,82.3,3,0.7,8,6,4,2,6,2,6,5,4,0,1,0,4,1,0,43,28,15,0,-2
Aaron Wan-Bissaka,DF,Crystal Palace,3134.0,90.0,34.8,0,0,9,0,0.26,0.0,0,0,0.5,1156,1537,75.2,3,1.8,14,84,23,8,134,60,103,86,153,1,4,1,23,3,0,313,120,342,0,-14
Victor Wanyama,MF,Tottenham,516.0,40.0,5.7,9,1,7,2,1.22,0.35,0,0,1.0,259,314,82.5,0,0.0,2,19,0,0,21,14,13,7,11,0,2,0,10,0,0,72,24,31,0,7
Joel Ward,DF,Crystal Palace,552.0,79.0,6.1,1,1,2,1,0.33,0.16,0,0,0.7,185,256,72.3,0,0.2,3,19,3,1,13,8,19,10,29,1,1,0,8,1,0,64,13,58,0,3
Stephen Ward,DF,Burnley,228.0,76.0,2.5,0,0,1,1,0.39,0.39,0,0,0.1,112,154,72.7,0,0.1,1,9,2,1,2,2,5,3,8,0,1,0,2,0,0,31,7,16,0,2
James Ward-Prowse,MF,Southampton,1945.0,75.0,21.6,5,7,30,14,1.39,0.65,1,1,3.7,622,913,68.1,0,3.2,44,52,12,5,43,22,34,24,40,1,4,0,23,3,1,190,94,98,0,1
Danny Welbeck,FW,Arsenal,153.0,19.0,1.7,7,1,4,2,2.35,1.18,0,0,0.5,41,54,75.9,1,0.7,7,7,3,0,3,3,4,1,1,0,0,0,3,0,0,12,19,6,0,3
Ashley Westwood,MF,Burnley,2824.0,83.0,31.4,3,2,22,7,0.7,0.22,0,0,2.1,1111,1504,73.9,7,5.1,43,142,41,10,63,40,56,46,45,0,5,0,30,1,0,412,111,147,0,17
Connor Wickham,FW,Crystal Palace,67.0,11.0,0.7,6,0,5,1,6.72,1.34,0,0,0.5,6,13,46.2,1,0.3,1,0,0,0,0,0,1,0,2,0,0,0,3,0,0,4,9,3,0,0
Georginio Wijnaldum,MF,Liverpool,2725.0,78.0,30.3,3,3,30,8,0.99,0.26,0,0,2.4,1620,1778,91.1,0,1.2,21,191,18,2,43,32,29,24,22,0,3,0,19,2,0,309,108,75,0,21
Willian,FW,Chelsea,2097.0,66.0,23.3,6,3,62,22,2.66,0.94,0,0,4.6,1100,1414,77.8,6,6.2,82,62,52,13,37,25,21,14,7,0,2,0,12,11,0,142,108,42,0,13
Joe Willock,MF,Arsenal,64.0,32.0,0.7,1,0,2,0,2.81,0.0,0,0,0.1,12,12,100.0,0,0.0,0,2,0,0,1,0,0,1,1,0,0,0,0,0,0,1,4,2,0,-1
Ben Wilmot,MF,Watford,28.0,14.0,0.3,2,0,0,0,0.0,0.0,0,0,0.0,8,10,80.0,0,0.0,0,2,0,0,0,0,4,0,0,0,0,0,0,0,0,3,1,4,0,0
Jack Wilshere,MF,West Ham,392.0,49.0,4.4,4,0,2,1,0.46,0.23,0,0,0.2,190,208,91.3,1,0.4,5,20,2,0,5,4,5,7,2,0,2,0,7,0,0,30,17,14,0,3
Callum Wilson,FW,Bournemouth,2528.0,84.0,28.1,1,14,63,27,2.24,0.96,1,2,14.1,319,456,70.0,9,4.2,28,17,20,3,11,9,12,6,14,0,3,0,42,20,0,100,168,32,1,7
Harry Winks,MF,Tottenham,1597.0,61.0,17.7,9,1,9,2,0.51,0.11,0,0,0.6,1286,1398,92.0,0,0.2,6,136,13,0,24,21,21,21,17,0,4,0,17,2,0,203,53,59,0,18
Chris Wood,FW,Burnley,2588.0,68.0,28.8,9,10,58,23,2.02,0.8,0,0,8.9,406,614,66.1,2,2.0,15,19,10,1,10,9,27,3,22,1,2,0,28,53,0,106,131,52,0,8
Granit Xhaka,MF,Arsenal,2498.0,86.0,27.8,0,4,30,11,1.08,0.4,0,0,1.6,1955,2378,82.2,2,3.6,38,229,36,10,62,38,34,33,63,1,10,0,45,1,0,354,90,130,0,14
Andriy Yarmolenko,FW,West Ham,459.0,51.0,5.1,4,2,9,3,1.76,0.59,0,0,1.0,168,214,78.5,0,0.5,5,8,10,1,2,2,9,2,1,0,2,0,8,1,0,32,27,12,0,2
DeAndre Yedlin,DF,Newcastle Utd,2473.0,85.0,27.5,1,1,11,2,0.4,0.07,0,0,1.0,784,1097,71.5,2,2.9,29,47,31,13,52,27,76,29,69,0,6,1,41,4,1,229,63,174,0,2
Maya Yoshida,DF,Southampton,1518.0,89.0,16.9,0,0,13,3,0.77,0.18,0,0,1.7,424,543,78.1,1,0.4,6,35,2,0,19,10,45,44,111,2,0,0,4,2,0,193,44,200,0,1
Ashley Young,DF,Manchester Utd,2569.0,86.0,28.5,2,2,12,3,0.42,0.11,0,0,0.4,1380,1904,72.5,2,3.4,42,118,33,12,56,29,56,53,61,0,9,1,38,4,0,272,73,170,0,2
Pablo Zabaleta,DF,West Ham,2092.0,80.0,23.2,3,0,7,1,0.3,0.04,0,0,0.2,863,1146,75.3,1,0.8,7,70,11,4,52,28,50,48,89,3,4,0,18,2,0,223,56,187,0,4
Wilfried Zaha,FW,Crystal Palace,3036.0,89.0,33.7,0,10,79,30,2.34,0.89,0,0,6.6,839,1094,76.7,5,5.6,54,61,68,10,43,33,31,9,2,0,9,1,45,16,0,228,143,42,0,23
Davide Zappacosta,DF,Chelsea,128.0,32.0,1.4,3,0,2,1,1.41,0.7,0,0,0.1,77,91,84.6,0,0.1,1,2,1,1,1,1,4,3,3,0,0,0,2,0,0,13,9,10,0,1
Oleksandr Zinchenko,DF,Manchester City,1151.0,82.0,12.8,0,0,7,1,0.55,0.08,0,0,0.1,1208,1338,90.3,3,1.3,12,131,21,4,31,16,18,22,28,0,1,0,15,1,0,153,44,68,0,1
Kurt Zouma,DF,Everton,2612.0,82.0,29.0,3,2,17,4,0.59,0.14,0,0,1.3,1218,1429,85.2,2,0.3,6,71,4,0,34,20,48,50,160,2,4,1,21,2,0,350,112,258,0,6
